Order ID,Order Date,Year-Month,Order Year,Order Month,Month Name,Customer Name,Product,Category,Region,Quantity,Unit Price,Discount,Sales,Profit,Profit Margin (%)
ORD-2023-1197,2024-06-12,2024-06,2024,6,Jun,Guest Customer,ThinkPad Carbon X1,Technology,South,5,1150.0,0.15,4887.5,331.06,6.77
ORD-2023-1300,2023-08-15,2023-08,2023,8,Aug,Aarav Sharma,Mechanical Keyboard RGB,Technology,West,5,129.0,0.05,612.75,138.23,22.56
ORD-2023-1389,2023-02-26,2023-02,2023,2,Feb,Olivia White,AirPods Pro,Technology,East,3,249.0,0.1,672.3,88.25,13.13
ORD-2023-1228,2024-04-05,2024-04,2024,4,Apr,Emily Taylor,Ergonomic Office Chair,Furniture,South,3,289.0,0.05,823.65,117.38,14.25
ORD-2024-1665,2023-02-20,2023-02,2023,2,Feb,Amit Joshi,ThinkPad Carbon X1,Technology,West,7,1150.0,0.05,7647.5,1360.75,17.79
ORD-2024-1709,2023-02-06,2023-02,2023,2,Feb,Pooja Desai,USB-C Multiport Hub,Technology,East,7,49.0,0.0,343.0,75.23,21.93
ORD-2023-1200,2023-12-04,2023-12,2023,12,Dec,Arjun Kapoor,USB-C Multiport Hub,Technology,South,3,49.0,0.0,147.0,37.79,25.71
ORD-2023-1337,2024-05-27,2024-05,2024,5,May,Aarav Sharma,Steel Filing Cabinet,Furniture,North,5,140.0,0.15,595.0,-2.55,-0.43
ORD-2023-1339,2023-07-31,2023-07,2023,7,Jul,Emma Johnson,Steel Filing Cabinet,Furniture,North,8,140.0,0.15,952.0,49.83,5.23
ORD-2024-1529,2023-01-10,2023-01,2023,1,Jan,Emma Johnson,Wooden Bookshelf 5-Tier,Furniture,South,4,180.0,0.0,720.0,119.09,16.54
ORD-2023-1067,2024-06-17,2024-06,2024,6,Jun,Sneha Nair,Mechanical Keyboard RGB,Technology,West,2,129.0,0.1,232.2,41.6,17.92
ORD-2024-1734,2023-07-22,2023-07,2023,7,Jul,Kavita Rao,LED Desk Lamp with Wireless Charger,Furniture,North,8,55.0,0.2,352.0,4.16,1.18
ORD-2023-1406,2023-11-03,2023-11,2023,11,Nov,Ananya Singh,MacBook Air M2,Technology,West,8,999.0,0.2,6393.6,161.07,2.52
ORD-2023-1357,2023-07-31,2023-07,2023,7,Jul,Priya Patel,Heavy-Duty Paper Shredder,Office Supplies,East,5,89.0,0.2,356.0,60.23,16.92
ORD-2023-1261,2023-05-12,2023-05,2023,5,May,Neha Gupta,Gel Pen Set 12-Pack,Office Supplies,South,1,15.0,0.2,12.0,1.24,10.33
ORD-2023-1429,2023-09-13,2023-09,2023,9,Sep,Emma Johnson,Mechanical Keyboard RGB,Technology,North,1,129.0,0.0,129.0,32.14,24.91
ORD-2023-1317,2024-04-06,2024-04,2024,4,Apr,Emma Johnson,LED Desk Lamp with Wireless Charger,Furniture,West,7,55.0,0.05,365.75,44.52,12.17
ORD-2023-1110,2023-11-28,2023-11,2023,11,Nov,Manoj Kumar,Electric Standing Desk,Furniture,North,8,450.0,0.15,3060.0,236.39,7.73
ORD-2024-1486,2023-04-18,2023-04,2023,4,Apr,Daniel Clark,iPad Air,Technology,East,2,599.0,0.0,1198.0,287.74,24.02
ORD-2024-1534,2023-06-07,2023-06,2023,6,Jun,Deepak Chopra,USB-C Multiport Hub,Technology,North,2,49.0,0.0,98.0,27.01,27.56
ORD-2023-1140,2024-01-16,2024-01,2024,1,Jan,Sneha Nair,Steel Filing Cabinet,Furniture,North,6,140.0,0.2,672.0,1.92,0.29
ORD-2023-1068,2023-12-10,2023-12,2023,12,Dec,Robert Martinez,ThinkPad Carbon X1,Technology,South,3,1150.0,0.05,3277.5,687.78,20.98
ORD-2023-1240,2023-04-03,2023-04,2023,4,Apr,Emily Taylor,Wooden Bookshelf 5-Tier,Furniture,South,4,180.0,0.2,576.0,-5.93,-1.03
ORD-2024-1771,2023-05-09,2023-05,2023,5,May,Olivia White,Stapler & Punch Kit,Office Supplies,South,6,18.0,0.05,102.6,33.74,32.88
ORD-2023-1040,2023-09-29,2023-09,2023,9,Sep,Emma Johnson,ThinkPad Carbon X1,Technology,South,6,1150.0,0.1,6210.0,1154.92,18.6
ORD-2023-1031,2023-04-06,2023-04,2023,4,Apr,Sneha Nair,AirPods Pro,Technology,West,8,249.0,0.15,1693.2,224.9,13.28
ORD-2023-1421,2023-02-27,2023-02,2023,2,Feb,Sneha Nair,MacBook Air M2,Technology,West,1,999.0,0.1,899.1,106.46,11.84
ORD-2023-1210,2023-06-03,2023-06,2023,6,Jun,David Wilson,Dell XPS 15,Technology,East,4,1250.0,0.0,5000.0,1083.56,21.67
ORD-2023-1211,2023-02-12,2023-02,2023,2,Feb,Pooja Desai,Conference Room Table,Furniture,West,8,620.0,0.1,4464.0,580.67,13.01
ORD-2023-1079,2023-04-28,2023-04,2023,4,Apr,Ananya Singh,"4K Ultra HD Monitor 27""",Technology,North,1,349.0,0.1,314.1,46.74,14.88
ORD-2023-1347,2023-05-18,2023-05,2023,5,May,Sneha Nair,"4K Ultra HD Monitor 27""",Technology,North,3,349.0,0.1,942.3,130.38,13.84
ORD-2023-1232,2023-06-07,2023-06,2023,6,Jun,Daniel Clark,Dry Erase Whiteboard 36x24,Office Supplies,East,1,65.0,0.0,65.0,25.37,39.03
ORD-2024-1636,2024-05-01,2024-05,2024,5,May,Vikram Reddy,Ergonomic Office Chair,Furniture,North,4,289.0,0.05,1098.2,150.29,13.69
ORD-2023-1405,2023-12-02,2023-12,2023,12,Dec,Deepak Chopra,Logitech MX Master 3,Technology,East,7,99.0,0.2,554.4,52.73,9.51
ORD-2024-1708,2023-10-19,2023-10,2023,10,Oct,Deepak Chopra,Mesh Desktop Organizer,Office Supplies,South,8,25.0,0.2,160.0,31.36,19.6
ORD-2023-1024,2023-01-22,2023-01,2023,1,Jan,Sneha Nair,Heavy-Duty Paper Shredder,Office Supplies,South,1,89.0,0.0,89.0,28.04,31.51
ORD-2023-1205,2023-12-28,2023-12,2023,12,Dec,Sarah Davis,AirPods Pro,Technology,North,6,249.0,0.0,1494.0,304.37,20.37
ORD-2023-1399,2024-06-16,2024-06,2024,6,Jun,Emma Johnson,Wooden Bookshelf 5-Tier,Furniture,North,2,180.0,0.2,288.0,3.35,1.16
ORD-2023-1064,2024-06-14,2024-06,2024,6,Jun,Robert Martinez,Logitech MX Master 3,Technology,North,8,99.0,0.05,752.4,131.38,17.46
ORD-2023-1315,2023-03-22,2023-03,2023,3,Mar,Emma Johnson,Dell XPS 15,Technology,North,7,1250.0,0.05,8312.5,1425.43,17.15
ORD-2023-1066,2023-12-06,2023-12,2023,12,Dec,James Anderson,Wooden Bookshelf 5-Tier,Furniture,East,4,180.0,0.1,648.0,42.29,6.53
ORD-2024-1517,2024-06-19,2024-06,2024,6,Jun,Michael Brown,Samsung Galaxy S23,Technology,North,1,799.0,0.05,759.05,166.7,21.96
ORD-2024-1707,2023-11-02,2023-11,2023,11,Nov,Rohan Mehta,Dell XPS 15,Technology,North,7,1250.0,0.05,8312.5,1899.57,22.85
ORD-2023-1138,2023-05-25,2023-05,2023,5,May,Sneha Nair,Gel Pen Set 12-Pack,Office Supplies,West,6,15.0,0.0,90.0,27.46,30.51
ORD-2023-1236,2023-11-17,2023-11,2023,11,Nov,John Smith,Dry Erase Whiteboard 36x24,Office Supplies,East,7,65.0,0.05,432.25,117.72,27.23
ORD-2023-1213,2024-03-23,2024-03,2024,3,Mar,Swati Iyer,Wooden Bookshelf 5-Tier,Furniture,West,6,180.0,0.05,1026.0,140.73,13.72
ORD-2024-1533,2023-08-07,2023-08,2023,8,Aug,Sarah Davis,iPad Air,Technology,South,7,599.0,0.0,4193.0,923.5,22.02
ORD-2023-1276,2023-06-18,2023-06,2023,6,Jun,Emily Taylor,Wooden Bookshelf 5-Tier,Furniture,North,4,180.0,0.2,576.0,-13.76,-2.39
ORD-2023-1445,2024-03-21,2024-03,2024,3,Mar,Arjun Kapoor,Samsung Galaxy S23,Technology,East,6,799.0,0.0,4794.0,1308.94,27.3
ORD-2024-1573,2024-02-23,2024-02,2024,2,Feb,Aarav Sharma,Mesh Desktop Organizer,Office Supplies,North,2,25.0,0.2,40.0,9.96,24.9
ORD-2024-1711,2023-08-03,2023-08,2023,8,Aug,Daniel Clark,Dell XPS 15,Technology,North,2,1250.0,0.15,2125.0,180.19,8.48
ORD-2023-1413,2024-05-05,2024-05,2024,5,May,Amit Joshi,Electric Standing Desk,Furniture,South,7,450.0,0.05,2992.5,373.55,12.48
ORD-2024-1735,2024-04-24,2024-04,2024,4,Apr,Pooja Desai,Gel Pen Set 12-Pack,Office Supplies,West,8,15.0,0.05,114.0,28.36,24.88
ORD-2024-1677,2024-04-13,2024-04,2024,4,Apr,Deepak Chopra,MacBook Air M2,Technology,North,4,999.0,0.2,3196.8,222.2,6.95
ORD-2023-1425,2024-01-01,2024-01,2024,1,Jan,Olivia White,AirPods Pro,Technology,West,5,249.0,0.1,1120.5,211.42,18.87
ORD-2023-1329,2023-09-06,2023-09,2023,9,Sep,Amit Joshi,Electric Standing Desk,Furniture,East,2,450.0,0.2,720.0,3.61,0.5
ORD-2024-1535,2023-09-15,2023-09,2023,9,Sep,Olivia White,Logitech MX Master 3,Technology,East,7,99.0,0.15,589.05,65.08,11.05
ORD-2023-1087,2023-09-22,2023-09,2023,9,Sep,Daniel Clark,Mesh Desktop Organizer,Office Supplies,East,1,25.0,0.2,20.0,2.16,10.8
ORD-2023-1334,2023-03-29,2023-03,2023,3,Mar,Sneha Nair,Gel Pen Set 12-Pack,Office Supplies,East,3,15.0,0.2,36.0,8.76,24.33
ORD-2024-1553,2023-02-09,2023-02,2023,2,Feb,Guest Customer,Gel Pen Set 12-Pack,Office Supplies,South,3,15.0,0.15,38.25,10.39,27.16
ORD-2024-1603,2023-08-30,2023-08,2023,8,Aug,Michael Brown,Sony WH-1000XM5,Technology,South,3,399.0,0.15,1017.45,78.46,7.71
ORD-2024-1609,2024-01-26,2024-01,2024,1,Jan,David Wilson,Premium Notebook 3-Pack,Office Supplies,South,3,22.0,0.1,59.4,16.46,27.71
ORD-2023-1121,2023-02-07,2023-02,2023,2,Feb,Guest Customer,USB-C Multiport Hub,Technology,North,8,49.0,0.0,392.0,93.27,23.79
ORD-2024-1463,2024-01-19,2024-01,2024,1,Jan,Daniel Clark,Wireless Laser Pointer,Office Supplies,East,5,29.0,0.0,145.0,49.62,34.22
ORD-2023-1209,2023-12-13,2023-12,2023,12,Dec,Ananya Singh,Stapler & Punch Kit,Office Supplies,West,8,18.0,0.05,136.8,36.38,26.59
ORD-2023-1169,2024-05-13,2024-05,2024,5,May,Pooja Desai,Dell XPS 15,Technology,South,7,1250.0,0.2,7000.0,661.65,9.45
ORD-2024-1530,2023-11-25,2023-11,2023,11,Nov,Neha Gupta,Electric Standing Desk,Furniture,East,5,450.0,0.0,2250.0,330.96,14.71
ORD-2023-1050,2023-04-21,2023-04,2023,4,Apr,Priya Patel,Steel Filing Cabinet,Furniture,South,4,140.0,0.15,476.0,23.54,4.95
ORD-2023-1097,2023-11-08,2023-11,2023,11,Nov,Sneha Nair,iPad Air,Technology,West,4,599.0,0.2,1916.8,118.77,6.2
ORD-2023-1156,2023-12-04,2023-12,2023,12,Dec,Neha Gupta,Premium Notebook 3-Pack,Office Supplies,South,7,22.0,0.15,130.9,22.09,16.88
ORD-2023-1310,2024-05-02,2024-05,2024,5,May,Aarav Sharma,Mesh Desktop Organizer,Office Supplies,South,2,25.0,0.15,42.5,7.43,17.48
ORD-2024-1543,2023-02-25,2023-02,2023,2,Feb,Guest Customer,Wooden Bookshelf 5-Tier,Furniture,North,5,180.0,0.0,900.0,179.95,19.99
ORD-2023-1199,2024-02-10,2024-02,2024,2,Feb,Sneha Nair,Electric Standing Desk,Furniture,North,6,450.0,0.0,2700.0,452.91,16.77
ORD-2023-1309,2023-03-24,2023-03,2023,3,Mar,Arjun Kapoor,Stapler & Punch Kit,Office Supplies,North,2,18.0,0.15,30.6,7.36,24.05
ORD-2023-1034,2023-03-01,2023-03,2023,3,Mar,Robert Martinez,Dell XPS 15,Technology,East,1,1250.0,0.0,1250.0,291.58,23.33
ORD-2023-1032,2024-02-15,2024-02,2024,2,Feb,Ananya Singh,Electric Standing Desk,Furniture,North,7,450.0,0.1,2835.0,144.52,5.1
ORD-2024-1602,2024-02-15,2024-02,2024,2,Feb,Ananya Singh,Heavy-Duty Paper Shredder,Office Supplies,South,4,89.0,0.0,356.0,111.61,31.35
ORD-2023-1297,2023-07-29,2023-07,2023,7,Jul,Sneha Nair,LED Desk Lamp with Wireless Charger,Furniture,East,5,55.0,0.15,233.75,8.99,3.85
ORD-2023-1332,2023-07-06,2023-07,2023,7,Jul,Michael Brown,ThinkPad Carbon X1,Technology,West,8,1150.0,0.2,7360.0,441.01,5.99
ORD-2023-1384,2023-03-09,2023-03,2023,3,Mar,Sarah Davis,Dry Erase Whiteboard 36x24,Office Supplies,South,1,65.0,0.05,61.75,22.08,35.76
ORD-2023-1212,2023-07-15,2023-07,2023,7,Jul,Manoj Kumar,Dell XPS 15,Technology,East,5,1250.0,0.0,6250.0,1350.33,21.61
ORD-2023-1435,2023-12-06,2023-12,2023,12,Dec,Rahul Verma,Executive Leather Chair,Furniture,East,5,350.0,0.1,1575.0,176.74,11.22
ORD-2024-1468,2023-06-24,2023-06,2023,6,Jun,Robert Martinez,AirPods Pro,Technology,East,2,249.0,0.15,423.3,59.64,14.09
ORD-2023-1073,2024-06-30,2024-06,2024,6,Jun,Michael Brown,Heavy-Duty Paper Shredder,Office Supplies,North,2,89.0,0.15,151.3,41.6,27.5
ORD-2023-1078,2023-08-12,2023-08,2023,8,Aug,Amit Joshi,Stapler & Punch Kit,Office Supplies,East,3,18.0,0.2,43.2,6.87,15.9
ORD-2024-1600,2023-04-14,2023-04,2023,4,Apr,Daniel Clark,Mechanical Keyboard RGB,Technology,South,5,129.0,0.05,612.75,134.45,21.94
ORD-2024-1518,2023-06-14,2023-06,2023,6,Jun,Kavita Rao,Mechanical Keyboard RGB,Technology,South,1,129.0,0.1,116.1,21.11,18.18
ORD-2023-1219,2024-01-11,2024-01,2024,1,Jan,Olivia White,Dell XPS 15,Technology,South,8,1250.0,0.1,9000.0,1502.39,16.69
ORD-2023-1282,2023-05-17,2023-05,2023,5,May,Emma Johnson,iPad Air,Technology,South,7,599.0,0.2,3354.4,292.72,8.73
ORD-2024-1638,2023-04-20,2023-04,2023,4,Apr,Sneha Nair,USB-C Multiport Hub,Technology,East,8,49.0,0.05,372.4,89.49,24.03
ORD-2024-1663,2023-08-15,2023-08,2023,8,Aug,Kavita Rao,Dry Erase Whiteboard 36x24,Office Supplies,West,8,65.0,0.2,416.0,68.1,16.37
ORD-2023-1356,2023-01-05,2023-01,2023,1,Jan,Sneha Nair,Sony WH-1000XM5,Technology,East,7,399.0,0.05,2653.35,504.72,19.02
ORD-2024-1744,2024-01-24,2024-01,2024,1,Jan,Arjun Kapoor,Gel Pen Set 12-Pack,Office Supplies,North,2,15.0,0.05,28.5,7.56,26.53
ORD-2023-1260,2023-09-03,2023-09,2023,9,Sep,Kavita Rao,Conference Room Table,Furniture,South,4,620.0,0.0,2480.0,525.72,21.2
ORD-2023-1364,2024-03-15,2024-03,2024,3,Mar,James Anderson,Mechanical Keyboard RGB,Technology,East,5,129.0,0.1,580.5,87.86,15.14
ORD-2024-1488,2024-05-23,2024-05,2024,5,May,Deepak Chopra,Steel Filing Cabinet,Furniture,East,4,140.0,0.0,560.0,122.63,21.9
ORD-2024-1451,2023-11-07,2023-11,2023,11,Nov,James Anderson,Mesh Desktop Organizer,Office Supplies,North,4,25.0,0.05,95.0,31.39,33.04
ORD-2024-1577,2023-09-17,2023-09,2023,9,Sep,Olivia White,Ergonomic Office Chair,Furniture,West,3,289.0,0.0,867.0,138.87,16.02
ORD-2024-1617,2023-11-30,2023-11,2023,11,Nov,David Wilson,LED Desk Lamp with Wireless Charger,Furniture,East,8,55.0,0.05,418.0,40.67,9.73
ORD-2023-1214,2024-05-24,2024-05,2024,5,May,Emily Taylor,Mechanical Keyboard RGB,Technology,East,7,129.0,0.0,903.0,221.73,24.55
ORD-2024-1587,2023-09-25,2023-09,2023,9,Sep,Emily Taylor,iPad Air,Technology,North,5,599.0,0.1,2695.5,312.2,11.58
ORD-2023-1055,2024-03-22,2024-03,2024,3,Mar,Robert Martinez,Gel Pen Set 12-Pack,Office Supplies,East,6,15.0,0.15,76.5,21.74,28.42
ORD-2024-1766,2023-12-20,2023-12,2023,12,Dec,Amit Joshi,Stapler & Punch Kit,Office Supplies,North,1,18.0,0.05,17.1,5.3,30.99
ORD-2024-1545,2023-03-13,2023-03,2023,3,Mar,John Smith,Steel Filing Cabinet,Furniture,West,6,140.0,0.2,672.0,-27.51,-4.09
ORD-2024-1635,2023-10-10,2023-10,2023,10,Oct,Michael Brown,Logitech MX Master 3,Technology,North,1,99.0,0.2,79.2,1.71,2.16
ORD-2023-1267,2023-12-05,2023-12,2023,12,Dec,David Wilson,Premium Notebook 3-Pack,Office Supplies,East,3,22.0,0.0,66.0,20.57,31.17
ORD-2023-1098,2024-03-29,2024-03,2024,3,Mar,Guest Customer,Executive Leather Chair,Furniture,East,1,350.0,0.2,280.0,-19.88,-7.1
ORD-2023-1430,2024-03-05,2024-03,2024,3,Mar,Sarah Davis,Steel Filing Cabinet,Furniture,West,6,140.0,0.2,672.0,-8.42,-1.25
ORD-2023-1077,2023-07-24,2023-07,2023,7,Jul,Daniel Clark,Samsung Galaxy S23,Technology,South,3,799.0,0.15,2037.45,183.23,8.99
ORD-2023-1286,2023-02-04,2023-02,2023,2,Feb,Kavita Rao,Mesh Desktop Organizer,Office Supplies,North,4,25.0,0.0,100.0,35.17,35.17
ORD-2024-1527,2024-06-01,2024-06,2024,6,Jun,Robert Martinez,LED Desk Lamp with Wireless Charger,Furniture,West,2,55.0,0.1,99.0,11.25,11.36
ORD-2024-1780,2024-03-17,2024-03,2024,3,Mar,Guest Customer,iPad Air,Technology,West,5,599.0,0.0,2995.0,830.25,27.72
ORD-2023-1245,2023-12-14,2023-12,2023,12,Dec,Emma Johnson,Stapler & Punch Kit,Office Supplies,South,4,18.0,0.2,57.6,10.0,17.36
ORD-2024-1631,2024-03-29,2024-03,2024,3,Mar,Priya Patel,Sony WH-1000XM5,Technology,West,2,399.0,0.2,638.4,21.32,3.34
ORD-2023-1432,2023-02-04,2023-02,2023,2,Feb,John Smith,Mechanical Keyboard RGB,Technology,North,2,129.0,0.1,232.2,42.93,18.49
ORD-2023-1039,2023-03-16,2023-03,2023,3,Mar,Daniel Clark,Heavy-Duty Paper Shredder,Office Supplies,North,2,89.0,0.2,142.4,31.05,21.8
ORD-2023-1085,2023-10-02,2023-10,2023,10,Oct,Sneha Nair,ThinkPad Carbon X1,Technology,East,8,1150.0,0.05,8740.0,1563.65,17.89
ORD-2023-1011,2023-02-02,2023-02,2023,2,Feb,Michael Brown,Mechanical Keyboard RGB,Technology,North,4,129.0,0.2,412.8,5.1,1.24
ORD-2024-1736,2023-05-28,2023-05,2023,5,May,Daniel Clark,Mechanical Keyboard RGB,Technology,East,7,129.0,0.05,857.85,157.15,18.32
ORD-2023-1111,2024-06-14,2024-06,2024,6,Jun,Manoj Kumar,Steel Filing Cabinet,Furniture,West,1,140.0,0.05,133.0,20.81,15.65
ORD-2024-1754,2023-01-08,2023-01,2023,1,Jan,Swati Iyer,Logitech MX Master 3,Technology,East,7,99.0,0.2,554.4,23.49,4.24
ORD-2024-1487,2023-07-24,2023-07,2023,7,Jul,Emily Taylor,Sony WH-1000XM5,Technology,East,7,399.0,0.1,2513.7,466.91,18.57
ORD-2023-1216,2024-03-12,2024-03,2024,3,Mar,David Wilson,Ergonomic Office Chair,Furniture,West,1,289.0,0.1,260.1,20.46,7.87
ORD-2024-1793,2023-05-14,2023-05,2023,5,May,Arjun Kapoor,Dell XPS 15,Technology,East,2,1250.0,0.15,2125.0,202.75,9.54
ORD-2024-1482,2023-01-23,2023-01,2023,1,Jan,Ananya Singh,iPad Air,Technology,East,1,599.0,0.15,509.15,35.87,7.05
ORD-2023-1395,2023-08-11,2023-08,2023,8,Aug,Sneha Nair,Wooden Bookshelf 5-Tier,Furniture,East,8,180.0,0.05,1368.0,160.42,11.73
ORD-2023-1119,2024-01-22,2024-01,2024,1,Jan,John Smith,Sony WH-1000XM5,Technology,South,7,399.0,0.05,2653.35,451.12,17.0
ORD-2024-1738,2023-12-26,2023-12,2023,12,Dec,Ananya Singh,"4K Ultra HD Monitor 27""",Technology,East,3,349.0,0.2,837.6,75.14,8.97
ORD-2024-1466,2024-05-24,2024-05,2024,5,May,Amit Joshi,Executive Leather Chair,Furniture,West,7,350.0,0.0,2450.0,424.73,17.34
ORD-2023-1030,2024-04-18,2024-04,2024,4,Apr,Rohan Mehta,Wooden Bookshelf 5-Tier,Furniture,North,1,180.0,0.2,144.0,-8.44,-5.86
ORD-2023-1440,2024-04-01,2024-04,2024,4,Apr,David Wilson,Wooden Bookshelf 5-Tier,Furniture,East,4,180.0,0.1,648.0,53.9,8.32
ORD-2024-1713,2024-06-16,2024-06,2024,6,Jun,James Anderson,Steel Filing Cabinet,Furniture,South,4,140.0,0.1,504.0,23.33,4.63
ORD-2023-1343,2023-07-22,2023-07,2023,7,Jul,Sarah Davis,Electric Standing Desk,Furniture,North,4,450.0,0.05,1710.0,265.92,15.55
ORD-2023-1303,2023-03-02,2023-03,2023,3,Mar,Rohan Mehta,Gel Pen Set 12-Pack,Office Supplies,North,1,15.0,0.15,12.75,3.5,27.45
ORD-2023-1082,2024-01-15,2024-01,2024,1,Jan,Arjun Kapoor,USB-C Multiport Hub,Technology,North,7,49.0,0.15,291.55,41.69,14.3
ORD-2023-1293,2023-03-01,2023-03,2023,3,Mar,Sarah Davis,LED Desk Lamp with Wireless Charger,Furniture,South,7,55.0,0.05,365.75,57.6,15.75
ORD-2024-1796,2023-05-21,2023-05,2023,5,May,Rahul Verma,Stapler & Punch Kit,Office Supplies,North,3,18.0,0.1,48.6,15.79,32.49
ORD-2024-1513,2023-09-12,2023-09,2023,9,Sep,John Smith,"4K Ultra HD Monitor 27""",Technology,West,3,349.0,0.05,994.65,206.24,20.73
ORD-2024-1698,2023-01-26,2023-01,2023,1,Jan,Olivia White,Mesh Desktop Organizer,Office Supplies,South,8,25.0,0.0,200.0,74.0,37.0
ORD-2023-1447,2024-03-05,2024-03,2024,3,Mar,Vikram Reddy,Samsung Galaxy S23,Technology,North,2,799.0,0.2,1278.4,28.18,2.2
ORD-2024-1667,2024-03-16,2024-03,2024,3,Mar,Olivia White,ThinkPad Carbon X1,Technology,North,7,1150.0,0.15,6842.5,811.27,11.86
ORD-2024-1719,2024-04-16,2024-04,2024,4,Apr,Robert Martinez,USB-C Multiport Hub,Technology,West,7,49.0,0.0,343.0,73.12,21.32
ORD-2023-1353,2023-10-23,2023-10,2023,10,Oct,David Wilson,Heavy-Duty Paper Shredder,Office Supplies,West,2,89.0,0.2,142.4,33.16,23.29
ORD-2024-1595,2023-04-20,2023-04,2023,4,Apr,Rohan Mehta,Gel Pen Set 12-Pack,Office Supplies,West,1,15.0,0.2,12.0,1.28,10.67
ORD-2023-1361,2023-10-03,2023-10,2023,10,Oct,Michael Brown,Wooden Bookshelf 5-Tier,Furniture,North,2,180.0,0.15,306.0,10.35,3.38
ORD-2024-1612,2024-07-01,2024-07,2024,7,Jul,Emily Taylor,Wooden Bookshelf 5-Tier,Furniture,West,3,180.0,0.05,513.0,54.9,10.7
ORD-2023-1008,2023-08-27,2023-08,2023,8,Aug,Michael Brown,Mechanical Keyboard RGB,Technology,West,6,129.0,0.05,735.3,155.1,21.09
ORD-2024-1717,2023-12-16,2023-12,2023,12,Dec,Olivia White,Wireless Laser Pointer,Office Supplies,North,3,29.0,0.05,82.65,27.0,32.67
ORD-2023-1102,2023-07-22,2023-07,2023,7,Jul,Robert Martinez,Logitech MX Master 3,Technology,South,5,99.0,0.05,470.25,111.02,23.61
ORD-2024-1651,2024-01-03,2024-01,2024,1,Jan,Manoj Kumar,Premium Notebook 3-Pack,Office Supplies,East,8,22.0,0.15,149.6,25.35,16.95
ORD-2024-1519,2023-02-03,2023-02,2023,2,Feb,David Wilson,iPad Air,Technology,South,7,599.0,0.05,3983.35,793.01,19.91
ORD-2024-1752,2023-05-20,2023-05,2023,5,May,Arjun Kapoor,Executive Leather Chair,Furniture,West,7,350.0,0.2,1960.0,13.76,0.7
ORD-2023-1328,2023-07-25,2023-07,2023,7,Jul,Ananya Singh,Electric Standing Desk,Furniture,East,5,450.0,0.15,1912.5,-16.7,-0.87
ORD-2023-1003,2023-01-28,2023-01,2023,1,Jan,Deepak Chopra,Premium Notebook 3-Pack,Office Supplies,West,4,22.0,0.15,74.8,15.78,21.1
ORD-2024-1632,2023-08-02,2023-08,2023,8,Aug,Kavita Rao,"4K Ultra HD Monitor 27""",Technology,East,3,349.0,0.0,1047.0,230.78,22.04
ORD-2024-1558,2023-03-21,2023-03,2023,3,Mar,Michael Brown,Logitech MX Master 3,Technology,West,6,99.0,0.1,534.6,83.78,15.67
ORD-2024-1605,2023-02-18,2023-02,2023,2,Feb,Deepak Chopra,AirPods Pro,Technology,North,4,249.0,0.1,896.4,141.31,15.76
ORD-2024-1764,2023-02-03,2023-02,2023,2,Feb,Rohan Mehta,Samsung Galaxy S23,Technology,South,8,799.0,0.15,5433.2,437.02,8.04
ORD-2024-1624,2023-10-06,2023-10,2023,10,Oct,Swati Iyer,LED Desk Lamp with Wireless Charger,Furniture,East,7,55.0,0.05,365.75,39.16,10.71
ORD-2024-1625,2023-07-06,2023-07,2023,7,Jul,Neha Gupta,Premium Notebook 3-Pack,Office Supplies,West,8,22.0,0.1,158.4,38.01,24.0
ORD-2024-1760,2023-09-24,2023-09,2023,9,Sep,James Anderson,Heavy-Duty Paper Shredder,Office Supplies,South,1,89.0,0.1,80.1,18.06,22.55
ORD-2024-1520,2023-10-22,2023-10,2023,10,Oct,Guest Customer,Electric Standing Desk,Furniture,West,7,450.0,0.1,2835.0,134.61,4.75
ORD-2024-1666,2024-05-07,2024-05,2024,5,May,James Anderson,Electric Standing Desk,Furniture,South,4,450.0,0.05,1710.0,295.68,17.29
ORD-2024-1673,2024-06-23,2024-06,2024,6,Jun,Ananya Singh,Dell XPS 15,Technology,East,4,1250.0,0.2,4000.0,291.49,7.29
ORD-2023-1448,2023-10-20,2023-10,2023,10,Oct,Emma Johnson,Executive Leather Chair,Furniture,East,7,350.0,0.15,2082.5,59.38,2.85
ORD-2023-1336,2024-06-06,2024-06,2024,6,Jun,Robert Martinez,Heavy-Duty Paper Shredder,Office Supplies,South,8,89.0,0.1,640.8,180.18,28.12
ORD-2023-1295,2023-02-10,2023-02,2023,2,Feb,Rahul Verma,Stapler & Punch Kit,Office Supplies,South,8,18.0,0.05,136.8,35.38,25.86
ORD-2023-1376,2023-11-19,2023-11,2023,11,Nov,Sneha Nair,Mechanical Keyboard RGB,Technology,North,4,129.0,0.2,412.8,16.47,3.99
ORD-2023-1080,2024-01-20,2024-01,2024,1,Jan,Deepak Chopra,Sony WH-1000XM5,Technology,North,4,399.0,0.0,1596.0,357.86,22.42
ORD-2023-1149,2023-09-14,2023-09,2023,9,Sep,Neha Gupta,Gel Pen Set 12-Pack,Office Supplies,North,3,15.0,0.0,45.0,16.07,35.71
ORD-2024-1496,2024-09-05,2024-09,2024,9,Sep,Kavita Rao,Wooden Bookshelf 5-Tier,Furniture,South,7,180.0,0.1,1134.0,89.58,7.9
ORD-2023-1175,2023-04-19,2023-04,2023,4,Apr,Olivia White,Electric Standing Desk,Furniture,North,7,450.0,0.1,2835.0,190.06,6.7
ORD-2023-1327,2023-12-04,2023-12,2023,12,Dec,Sarah Davis,Premium Notebook 3-Pack,Office Supplies,South,5,22.0,0.1,99.0,25.04,25.29
ORD-2023-1301,2023-08-24,2023-08,2023,8,Aug,Sneha Nair,Steel Filing Cabinet,Furniture,East,5,140.0,0.15,595.0,-5.12,-0.86
ORD-2024-1523,2023-06-27,2023-06,2023,6,Jun,Neha Gupta,Electric Standing Desk,Furniture,North,7,450.0,0.1,2835.0,237.74,8.39
ORD-2023-1193,2023-06-19,2023-06,2023,6,Jun,Priya Patel,Executive Leather Chair,Furniture,East,4,350.0,0.15,1190.0,29.61,2.49
ORD-2023-1134,2023-08-13,2023-08,2023,8,Aug,Daniel Clark,Mechanical Keyboard RGB,Technology,South,2,129.0,0.0,258.0,65.86,25.53
ORD-2024-1746,2024-04-02,2024-04,2024,4,Apr,Kavita Rao,USB-C Multiport Hub,Technology,East,5,49.0,0.15,208.25,17.78,8.54
ORD-2024-1637,2023-12-13,2023-12,2023,12,Dec,Manoj Kumar,Premium Notebook 3-Pack,Office Supplies,North,1,22.0,0.1,19.8,4.9,24.75
ORD-2024-1491,2023-02-21,2023-02,2023,2,Feb,Ananya Singh,Dell XPS 15,Technology,East,6,1250.0,0.1,6750.0,1094.4,16.21
ORD-2023-1056,2023-12-05,2023-12,2023,12,Dec,Kavita Rao,iPad Air,Technology,East,5,599.0,0.0,2995.0,311.2,10.39
ORD-2023-1434,2024-09-05,2024-09,2024,9,Sep,Sarah Davis,Premium Notebook 3-Pack,Office Supplies,South,7,22.0,0.05,146.3,52.91,36.17
ORD-2024-1616,2023-10-18,2023-10,2023,10,Oct,Vikram Reddy,Samsung Galaxy S23,Technology,South,1,799.0,0.0,799.0,181.31,22.69
ORD-2024-1542,2024-06-08,2024-06,2024,6,Jun,Ananya Singh,Logitech MX Master 3,Technology,East,4,99.0,0.0,396.0,105.13,26.55
ORD-2024-1773,2024-04-01,2024-04,2024,4,Apr,Swati Iyer,"4K Ultra HD Monitor 27""",Technology,East,4,349.0,0.0,1396.0,388.23,27.81
ORD-2023-1381,2023-01-15,2023-01,2023,1,Jan,Priya Patel,Dell XPS 15,Technology,West,5,1250.0,0.2,5000.0,116.44,2.33
ORD-2024-1604,2023-06-30,2023-06,2023,6,Jun,Vikram Reddy,Premium Notebook 3-Pack,Office Supplies,East,8,22.0,0.1,158.4,47.5,29.99
ORD-2023-1312,2024-05-01,2024-05,2024,5,May,Rohan Mehta,Gel Pen Set 12-Pack,Office Supplies,East,1,15.0,0.05,14.25,3.58,25.12
ORD-2024-1611,2023-10-26,2023-10,2023,10,Oct,Daniel Clark,Premium Notebook 3-Pack,Office Supplies,West,5,22.0,0.15,93.5,17.19,18.39
ORD-2023-1061,2023-08-19,2023-08,2023,8,Aug,Vikram Reddy,MacBook Air M2,Technology,North,4,999.0,0.15,3396.6,324.07,9.54
ORD-2024-1585,2023-07-25,2023-07,2023,7,Jul,Swati Iyer,Mesh Desktop Organizer,Office Supplies,North,2,25.0,0.2,40.0,8.29,20.72
ORD-2023-1383,2024-06-07,2024-06,2024,6,Jun,Vikram Reddy,LED Desk Lamp with Wireless Charger,Furniture,East,7,55.0,0.2,308.0,-11.84,-3.84
ORD-2024-1598,2024-05-04,2024-05,2024,5,May,Priya Patel,Conference Room Table,Furniture,East,7,620.0,0.05,4123.0,579.06,14.04
ORD-2024-1656,2023-01-17,2023-01,2023,1,Jan,Pooja Desai,MacBook Air M2,Technology,East,4,999.0,0.05,3796.2,645.52,17.0
ORD-2023-1449,2024-04-29,2024-04,2024,4,Apr,Amit Joshi,Electric Standing Desk,Furniture,South,7,450.0,0.0,3150.0,593.26,18.83
ORD-2024-1540,2024-01-18,2024-01,2024,1,Jan,Aarav Sharma,LED Desk Lamp with Wireless Charger,Furniture,South,2,55.0,0.0,110.0,24.16,21.96
ORD-2024-1642,2023-01-01,2023-01,2023,1,Jan,Emily Taylor,Electric Standing Desk,Furniture,East,1,450.0,0.2,360.0,-21.85,-6.07
ORD-2024-1776,2024-04-23,2024-04,2024,4,Apr,Rohan Mehta,Premium Notebook 3-Pack,Office Supplies,West,5,22.0,0.15,93.5,18.36,19.64
ORD-2024-1678,2024-05-16,2024-05,2024,5,May,Ananya Singh,MacBook Air M2,Technology,East,6,999.0,0.1,5394.6,779.11,14.44
ORD-2024-1657,2023-01-23,2023-01,2023,1,Jan,Deepak Chopra,Mechanical Keyboard RGB,Technology,South,2,129.0,0.0,258.0,62.74,24.32
ORD-2023-1091,2023-09-15,2023-09,2023,9,Sep,Swati Iyer,Sony WH-1000XM5,Technology,East,2,399.0,0.2,638.4,3.14,0.49
ORD-2023-1251,2023-09-06,2023-09,2023,9,Sep,Deepak Chopra,iPad Air,Technology,South,1,599.0,0.15,509.15,62.84,12.34
ORD-2023-1182,2024-06-03,2024-06,2024,6,Jun,Olivia White,LED Desk Lamp with Wireless Charger,Furniture,North,8,55.0,0.2,352.0,-14.14,-4.02
ORD-2024-1579,2023-02-23,2023-02,2023,2,Feb,Arjun Kapoor,MacBook Air M2,Technology,North,3,999.0,0.15,2547.45,167.63,6.58
ORD-2023-1443,2024-05-02,2024-05,2024,5,May,Michael Brown,Mesh Desktop Organizer,Office Supplies,North,3,25.0,0.0,75.0,21.46,28.61
ORD-2023-1368,2024-01-16,2024-01,2024,1,Jan,Arjun Kapoor,AirPods Pro,Technology,North,7,249.0,0.1,1568.7,212.51,13.55
ORD-2023-1159,2023-04-06,2023-04,2023,4,Apr,Swati Iyer,Dry Erase Whiteboard 36x24,Office Supplies,East,3,65.0,0.2,156.0,37.6,24.1
ORD-2023-1070,2023-03-05,2023-03,2023,3,Mar,Sarah Davis,Electric Standing Desk,Furniture,North,7,450.0,0.15,2677.5,219.01,8.18
ORD-2024-1652,2023-06-20,2023-06,2023,6,Jun,Robert Martinez,Electric Standing Desk,Furniture,East,3,450.0,0.2,1080.0,-80.83,-7.48
ORD-2023-1132,2023-10-30,2023-10,2023,10,Oct,Pooja Desai,MacBook Air M2,Technology,West,5,999.0,0.0,4995.0,1172.45,23.47
ORD-2023-1045,2024-03-28,2024-03,2024,3,Mar,Sarah Davis,LED Desk Lamp with Wireless Charger,Furniture,North,2,55.0,0.0,110.0,15.88,14.44
ORD-2023-1071,2023-12-27,2023-12,2023,12,Dec,Michael Brown,Executive Leather Chair,Furniture,South,8,350.0,0.05,2660.0,414.86,15.6
ORD-2024-1661,2023-12-09,2023-12,2023,12,Dec,Sarah Davis,Executive Leather Chair,Furniture,North,4,350.0,0.0,1400.0,-76.01,-5.43
ORD-2023-1362,2023-10-12,2023-10,2023,10,Oct,Emma Johnson,Wooden Bookshelf 5-Tier,Furniture,West,6,180.0,0.2,864.0,21.39,2.48
ORD-2023-1394,2023-11-15,2023-11,2023,11,Nov,Robert Martinez,Wooden Bookshelf 5-Tier,Furniture,North,6,180.0,0.05,1026.0,158.41,15.44
ORD-2023-1255,2023-10-13,2023-10,2023,10,Oct,Sneha Nair,"4K Ultra HD Monitor 27""",Technology,East,4,349.0,0.15,1186.6,146.07,12.31
ORD-2023-1136,2024-03-01,2024-03,2024,3,Mar,Vikram Reddy,LED Desk Lamp with Wireless Charger,Furniture,East,5,55.0,0.05,261.25,41.1,15.73
ORD-2023-1083,2024-01-06,2024-01,2024,1,Jan,David Wilson,Mesh Desktop Organizer,Office Supplies,South,7,25.0,0.05,166.25,45.84,27.57
ORD-2023-1166,2023-12-16,2023-12,2023,12,Dec,Pooja Desai,Dry Erase Whiteboard 36x24,Office Supplies,East,2,65.0,0.0,130.0,49.57,38.13
ORD-2023-1165,2023-03-13,2023-03,2023,3,Mar,Arjun Kapoor,MacBook Air M2,Technology,North,4,999.0,0.15,3396.6,385.27,11.34
ORD-2023-1029,2023-04-22,2023-04,2023,4,Apr,Rahul Verma,LED Desk Lamp with Wireless Charger,Furniture,West,3,55.0,0.15,140.25,9.13,6.51
ORD-2024-1792,2023-03-15,2023-03,2023,3,Mar,Vikram Reddy,Steel Filing Cabinet,Furniture,North,8,140.0,0.2,896.0,18.3,2.04
ORD-2023-1194,2024-04-04,2024-04,2024,4,Apr,Sneha Nair,"4K Ultra HD Monitor 27""",Technology,West,4,349.0,0.1,1256.4,175.53,13.97
ORD-2023-1248,2023-11-03,2023-11,2023,11,Nov,Emily Taylor,Conference Room Table,Furniture,West,5,620.0,0.15,2635.0,14.69,0.56
ORD-2024-1528,2023-08-07,2023-08,2023,8,Aug,John Smith,Ergonomic Office Chair,Furniture,East,4,289.0,0.2,924.8,-25.94,-2.8
ORD-2023-1333,2024-06-02,2024-06,2024,6,Jun,Deepak Chopra,Executive Leather Chair,Furniture,North,6,350.0,0.2,1680.0,-57.76,-3.44
ORD-2023-1137,2024-05-08,2024-05,2024,5,May,Pooja Desai,Dry Erase Whiteboard 36x24,Office Supplies,East,2,65.0,0.15,110.5,17.48,15.82
ORD-2023-1423,2023-05-26,2023-05,2023,5,May,Emily Taylor,Ergonomic Office Chair,Furniture,North,6,289.0,0.15,1473.9,40.09,2.72
ORD-2024-1654,2024-03-16,2024-03,2024,3,Mar,John Smith,Wireless Laser Pointer,Office Supplies,South,4,29.0,0.15,98.6,18.34,18.6
ORD-2023-1141,2023-03-06,2023-03,2023,3,Mar,David Wilson,Mesh Desktop Organizer,Office Supplies,East,7,25.0,0.0,175.0,67.06,38.32
ORD-2024-1480,2023-12-12,2023-12,2023,12,Dec,Kavita Rao,Samsung Galaxy S23,Technology,East,8,799.0,0.1,5752.8,766.98,13.33
ORD-2023-1007,2024-01-06,2024-01,2024,1,Jan,Deepak Chopra,ThinkPad Carbon X1,Technology,North,4,1150.0,0.1,4140.0,465.44,11.24
ORD-2024-1532,2023-07-17,2023-07,2023,7,Jul,Rohan Mehta,iPad Air,Technology,South,1,599.0,0.0,599.0,157.62,26.31
ORD-2023-1396,2023-09-09,2023-09,2023,9,Sep,Sarah Davis,MacBook Air M2,Technology,South,6,999.0,0.0,5994.0,1222.3,20.39
ORD-2024-1729,2023-08-03,2023-08,2023,8,Aug,Rahul Verma,"4K Ultra HD Monitor 27""",Technology,East,6,349.0,0.15,1779.9,159.79,8.98
ORD-2023-1074,2024-04-17,2024-04,2024,4,Apr,Amit Joshi,Electric Standing Desk,Furniture,East,4,450.0,0.15,1530.0,78.93,5.16
ORD-2024-1772,2023-01-11,2023-01,2023,1,Jan,Rohan Mehta,MacBook Air M2,Technology,West,2,999.0,0.2,1598.4,143.23,8.96
ORD-2024-1739,2023-04-20,2023-04,2023,4,Apr,Arjun Kapoor,ThinkPad Carbon X1,Technology,East,8,1150.0,0.15,7820.0,761.37,9.74
ORD-2024-1751,2023-05-09,2023-05,2023,5,May,Rohan Mehta,Premium Notebook 3-Pack,Office Supplies,North,3,22.0,0.15,56.1,11.29,20.12
ORD-2023-1146,2023-07-14,2023-07,2023,7,Jul,David Wilson,ThinkPad Carbon X1,Technology,South,1,1150.0,0.0,1150.0,249.61,21.71
ORD-2024-1465,2024-06-13,2024-06,2024,6,Jun,Priya Patel,Wireless Laser Pointer,Office Supplies,West,6,29.0,0.05,165.3,45.84,27.73
ORD-2023-1235,2023-03-03,2023-03,2023,3,Mar,Sarah Davis,Steel Filing Cabinet,Furniture,West,4,140.0,0.1,504.0,40.02,7.94
ORD-2023-1221,2023-04-27,2023-04,2023,4,Apr,Ananya Singh,Steel Filing Cabinet,Furniture,West,2,140.0,0.1,252.0,16.24,6.44
ORD-2024-1747,2023-12-19,2023-12,2023,12,Dec,Olivia White,MacBook Air M2,Technology,West,3,999.0,0.1,2697.3,524.5,19.45
ORD-2023-1324,2023-11-05,2023-11,2023,11,Nov,Vikram Reddy,ThinkPad Carbon X1,Technology,South,7,1150.0,0.1,7245.0,1177.81,16.26
ORD-2023-1133,2023-02-20,2023-02,2023,2,Feb,Swati Iyer,Steel Filing Cabinet,Furniture,East,4,140.0,0.2,448.0,-24.73,-5.52
ORD-2023-1382,2024-09-03,2024-09,2024,9,Sep,Rohan Mehta,Premium Notebook 3-Pack,Office Supplies,South,5,22.0,0.0,110.0,39.91,36.28
ORD-2023-1266,2024-06-20,2024-06,2024,6,Jun,Vikram Reddy,Conference Room Table,Furniture,West,5,620.0,0.05,2945.0,326.41,11.08
ORD-2023-1444,2024-04-04,2024-04,2024,4,Apr,Ananya Singh,Sony WH-1000XM5,Technology,South,3,399.0,0.0,1197.0,294.62,24.61
ORD-2024-1765,2023-09-01,2023-09,2023,9,Sep,Swati Iyer,Premium Notebook 3-Pack,Office Supplies,South,4,22.0,0.2,70.4,9.85,13.99
ORD-2023-1433,2024-01-20,2024-01,2024,1,Jan,Rohan Mehta,LED Desk Lamp with Wireless Charger,Furniture,North,6,55.0,0.2,264.0,-19.41,-7.35
ORD-2023-1042,2023-05-18,2023-05,2023,5,May,Neha Gupta,Dry Erase Whiteboard 36x24,Office Supplies,South,5,65.0,0.1,292.5,73.91,25.27
ORD-2024-1502,2024-02-17,2024-02,2024,2,Feb,Rohan Mehta,Wooden Bookshelf 5-Tier,Furniture,West,8,180.0,0.0,1440.0,218.12,15.15
ORD-2023-1109,2023-10-23,2023-10,2023,10,Oct,Michael Brown,Stapler & Punch Kit,Office Supplies,North,8,18.0,0.0,144.0,52.17,36.23
ORD-2023-1351,2024-06-01,2024-06,2024,6,Jun,Sarah Davis,Gel Pen Set 12-Pack,Office Supplies,West,7,15.0,0.15,89.25,20.09,22.51
ORD-2023-1057,2023-10-30,2023-10,2023,10,Oct,Rahul Verma,Executive Leather Chair,Furniture,West,3,350.0,0.2,840.0,-26.8,-3.19
ORD-2024-1457,2024-05-15,2024-05,2024,5,May,Ananya Singh,Steel Filing Cabinet,Furniture,East,6,140.0,0.05,798.0,86.51,10.84
ORD-2023-1287,2023-08-28,2023-08,2023,8,Aug,Manoj Kumar,Stapler & Punch Kit,Office Supplies,North,3,18.0,0.2,43.2,4.36,10.09
ORD-2023-1025,2023-03-02,2023-03,2023,3,Mar,Priya Patel,USB-C Multiport Hub,Technology,North,4,49.0,0.1,176.4,24.79,14.05
ORD-2023-1291,2024-01-26,2024-01,2024,1,Jan,John Smith,Mesh Desktop Organizer,Office Supplies,West,7,25.0,0.05,166.25,54.95,33.05
ORD-2023-1358,2023-11-28,2023-11,2023,11,Nov,Pooja Desai,"4K Ultra HD Monitor 27""",Technology,East,2,349.0,0.05,663.1,106.78,16.1
ORD-2023-1363,2023-06-04,2023-06,2023,6,Jun,David Wilson,Premium Notebook 3-Pack,Office Supplies,East,2,22.0,0.2,35.2,6.7,19.03
ORD-2023-1052,2023-10-13,2023-10,2023,10,Oct,Emily Taylor,Electric Standing Desk,Furniture,East,1,450.0,0.0,450.0,67.43,14.98
ORD-2024-1548,2023-12-06,2023-12,2023,12,Dec,David Wilson,Wooden Bookshelf 5-Tier,Furniture,East,5,180.0,0.15,765.0,23.28,3.04
ORD-2024-1749,2024-02-08,2024-02,2024,2,Feb,Deepak Chopra,Electric Standing Desk,Furniture,West,7,450.0,0.15,2677.5,83.13,3.1
ORD-2023-1265,2023-01-10,2023-01,2023,1,Jan,Daniel Clark,iPad Air,Technology,East,5,599.0,0.15,2545.75,152.36,5.98
ORD-2023-1410,2024-04-17,2024-04,2024,4,Apr,Olivia White,Executive Leather Chair,Furniture,West,8,350.0,0.0,2800.0,530.27,18.94
ORD-2024-1508,2024-02-24,2024-02,2024,2,Feb,Daniel Clark,Sony WH-1000XM5,Technology,South,2,399.0,0.15,678.3,89.98,13.27
ORD-2023-1352,2023-03-26,2023-03,2023,3,Mar,Manoj Kumar,Logitech MX Master 3,Technology,East,1,99.0,0.1,89.1,16.04,18.0
ORD-2023-1292,2023-08-07,2023-08,2023,8,Aug,James Anderson,Logitech MX Master 3,Technology,South,5,99.0,0.05,470.25,81.94,17.42
ORD-2023-1019,2024-06-27,2024-06,2024,6,Jun,Daniel Clark,USB-C Multiport Hub,Technology,West,1,49.0,0.0,49.0,10.08,20.57
ORD-2024-1706,2023-08-01,2023-08,2023,8,Aug,Vikram Reddy,Dell XPS 15,Technology,East,1,1250.0,0.05,1187.5,202.12,17.02
ORD-2023-1330,2023-07-04,2023-07,2023,7,Jul,Robert Martinez,MacBook Air M2,Technology,West,4,999.0,0.15,3396.6,264.48,7.79
ORD-2023-1084,2023-10-04,2023-10,2023,10,Oct,Robert Martinez,Stapler & Punch Kit,Office Supplies,West,8,18.0,0.15,122.4,21.73,17.75
ORD-2023-1062,2023-03-16,2023-03,2023,3,Mar,Arjun Kapoor,Heavy-Duty Paper Shredder,Office Supplies,South,7,89.0,0.15,529.55,125.87,23.77
ORD-2024-1494,2024-02-15,2024-02,2024,2,Feb,David Wilson,Mechanical Keyboard RGB,Technology,West,8,129.0,0.15,877.2,80.59,9.19
ORD-2024-1659,2023-04-05,2023-04,2023,4,Apr,Olivia White,Sony WH-1000XM5,Technology,North,6,399.0,0.15,2034.9,278.11,13.67
ORD-2024-1536,2024-02-19,2024-02,2024,2,Feb,Aarav Sharma,Electric Standing Desk,Furniture,North,1,450.0,0.2,360.0,6.72,1.87
ORD-2024-1454,2023-03-09,2023-03,2023,3,Mar,Emily Taylor,Electric Standing Desk,Furniture,South,1,450.0,0.05,427.5,69.56,16.27
ORD-2023-1183,2023-11-26,2023-11,2023,11,Nov,Emily Taylor,Samsung Galaxy S23,Technology,North,8,799.0,0.0,6392.0,1375.06,21.51
ORD-2023-1320,2023-01-06,2023-01,2023,1,Jan,David Wilson,Ergonomic Office Chair,Furniture,East,2,289.0,0.05,549.1,94.22,17.16
ORD-2024-1507,2023-10-26,2023-10,2023,10,Oct,Emma Johnson,Mesh Desktop Organizer,Office Supplies,North,1,25.0,0.05,23.75,7.27,30.61
ORD-2023-1224,2023-10-25,2023-10,2023,10,Oct,Ananya Singh,Mesh Desktop Organizer,Office Supplies,South,6,25.0,0.2,120.0,25.96,21.63
ORD-2024-1777,2023-11-28,2023-11,2023,11,Nov,Manoj Kumar,ThinkPad Carbon X1,Technology,East,1,1150.0,0.15,977.5,113.75,11.64
ORD-2024-1474,2023-07-01,2023-07,2023,7,Jul,Priya Patel,MacBook Air M2,Technology,West,5,999.0,0.05,4745.25,844.68,17.8
ORD-2024-1658,2023-06-09,2023-06,2023,6,Jun,Emma Johnson,Heavy-Duty Paper Shredder,Office Supplies,South,4,89.0,0.1,320.4,72.15,22.52
ORD-2023-1335,2024-02-14,2024-02,2024,2,Feb,John Smith,Executive Leather Chair,Furniture,North,1,350.0,0.0,350.0,69.76,19.93
ORD-2024-1583,2024-06-06,2024-06,2024,6,Jun,Sneha Nair,Wireless Laser Pointer,Office Supplies,South,1,29.0,0.1,26.1,7.87,30.15
ORD-2024-1500,2023-02-25,2023-02,2023,2,Feb,Ananya Singh,Conference Room Table,Furniture,West,8,620.0,0.05,4712.0,813.49,17.26
ORD-2023-1177,2023-06-01,2023-06,2023,6,Jun,Vikram Reddy,Mechanical Keyboard RGB,Technology,South,3,129.0,0.2,309.6,26.23,8.47
ORD-2024-1676,2023-04-12,2023-04,2023,4,Apr,James Anderson,Wireless Laser Pointer,Office Supplies,East,3,29.0,0.05,82.65,25.22,30.51
ORD-2024-1539,2023-08-14,2023-08,2023,8,Aug,Michael Brown,LED Desk Lamp with Wireless Charger,Furniture,East,3,55.0,0.1,148.5,10.86,7.31
ORD-2023-1164,2023-11-13,2023-11,2023,11,Nov,Emma Johnson,MacBook Air M2,Technology,South,3,999.0,0.0,2997.0,82.16,2.74
ORD-2023-1249,2024-01-13,2024-01,2024,1,Jan,Neha Gupta,Executive Leather Chair,Furniture,East,1,350.0,0.2,280.0,-6.29,-2.25
ORD-2024-1526,2023-03-16,2023-03,2023,3,Mar,John Smith,Conference Room Table,Furniture,South,3,620.0,0.2,1488.0,27.06,1.82
ORD-2024-1722,2023-06-19,2023-06,2023,6,Jun,Michael Brown,AirPods Pro,Technology,North,5,249.0,0.1,1120.5,153.4,13.69
ORD-2023-1075,2024-01-24,2024-01,2024,1,Jan,Sarah Davis,Mechanical Keyboard RGB,Technology,North,8,129.0,0.0,1032.0,227.12,22.01
ORD-2024-1478,2023-09-12,2023-09,2023,9,Sep,Emma Johnson,"4K Ultra HD Monitor 27""",Technology,South,2,349.0,0.15,593.3,62.63,10.56
ORD-2023-1412,2023-02-05,2023-02,2023,2,Feb,Daniel Clark,Logitech MX Master 3,Technology,East,8,99.0,0.15,673.2,47.03,6.99
ORD-2023-1105,2024-03-18,2024-03,2024,3,Mar,Daniel Clark,Mechanical Keyboard RGB,Technology,North,2,129.0,0.05,245.1,39.49,16.11
ORD-2023-1115,2023-10-07,2023-10,2023,10,Oct,James Anderson,Steel Filing Cabinet,Furniture,South,8,140.0,0.2,896.0,9.44,1.05
ORD-2023-1307,2024-06-20,2024-06,2024,6,Jun,Rahul Verma,Wireless Laser Pointer,Office Supplies,East,6,29.0,0.1,156.6,35.6,22.73
ORD-2023-1093,2023-10-31,2023-10,2023,10,Oct,Ananya Singh,"4K Ultra HD Monitor 27""",Technology,North,3,349.0,0.1,942.3,184.65,19.6
ORD-2023-1418,2023-02-27,2023-02,2023,2,Feb,Sneha Nair,Heavy-Duty Paper Shredder,Office Supplies,West,6,89.0,0.05,507.3,175.62,34.62
ORD-2023-1090,2024-06-27,2024-06,2024,6,Jun,Swati Iyer,LED Desk Lamp with Wireless Charger,Furniture,East,6,55.0,0.15,280.5,15.95,5.69
ORD-2023-1437,2023-03-31,2023-03,2023,3,Mar,Kavita Rao,Premium Notebook 3-Pack,Office Supplies,West,4,22.0,0.0,88.0,34.93,39.69
ORD-2024-1750,2023-06-27,2023-06,2023,6,Jun,Rahul Verma,LED Desk Lamp with Wireless Charger,Furniture,West,6,55.0,0.15,280.5,19.03,6.78
ORD-2024-1759,2024-03-07,2024-03,2024,3,Mar,Pooja Desai,"4K Ultra HD Monitor 27""",Technology,South,1,349.0,0.2,279.2,7.0,2.51
ORD-2024-1495,2023-06-20,2023-06,2023,6,Jun,Deepak Chopra,Dry Erase Whiteboard 36x24,Office Supplies,North,3,65.0,0.0,195.0,68.26,35.01
ORD-2024-1681,2023-03-31,2023-03,2023,3,Mar,Emily Taylor,Gel Pen Set 12-Pack,Office Supplies,South,7,15.0,0.05,99.75,29.53,29.6
ORD-2024-1501,2024-05-18,2024-05,2024,5,May,John Smith,Mechanical Keyboard RGB,Technology,North,4,129.0,0.2,412.8,14.72,3.57
ORD-2023-1012,2023-11-19,2023-11,2023,11,Nov,James Anderson,Electric Standing Desk,Furniture,West,3,450.0,0.1,1215.0,146.92,12.09
ORD-2024-1498,2023-11-18,2023-11,2023,11,Nov,Kavita Rao,Conference Room Table,Furniture,South,6,620.0,0.2,2976.0,-81.28,-2.73
ORD-2023-1044,2024-09-03,2024-09,2024,9,Sep,Priya Patel,MacBook Air M2,Technology,East,3,999.0,0.1,2697.3,500.72,18.56
ORD-2023-1043,2023-12-18,2023-12,2023,12,Dec,Arjun Kapoor,Mechanical Keyboard RGB,Technology,West,5,129.0,0.0,645.0,175.84,27.26
ORD-2023-1168,2023-10-07,2023-10,2023,10,Oct,Emily Taylor,iPad Air,Technology,East,7,599.0,0.0,4193.0,1079.03,25.73
ORD-2024-1715,2024-02-28,2024-02,2024,2,Feb,Emma Johnson,LED Desk Lamp with Wireless Charger,Furniture,South,1,55.0,0.05,52.25,6.31,12.08
ORD-2024-1623,2024-04-02,2024-04,2024,4,Apr,Sneha Nair,Mechanical Keyboard RGB,Technology,North,7,129.0,0.05,857.85,170.37,19.86
ORD-2024-1740,2023-09-02,2023-09,2023,9,Sep,Robert Martinez,AirPods Pro,Technology,West,7,249.0,0.0,1743.0,440.53,25.27
ORD-2023-1179,2024-04-04,2024-04,2024,4,Apr,Olivia White,Premium Notebook 3-Pack,Office Supplies,East,6,22.0,0.05,125.4,39.23,31.28
ORD-2024-1538,2023-10-16,2023-10,2023,10,Oct,David Wilson,Electric Standing Desk,Furniture,West,1,450.0,0.15,382.5,25.87,6.76
ORD-2024-1774,2023-04-05,2023-04,2023,4,Apr,Daniel Clark,Gel Pen Set 12-Pack,Office Supplies,South,2,15.0,0.0,30.0,11.69,38.97
ORD-2023-1178,2023-03-19,2023-03,2023,3,Mar,Manoj Kumar,Premium Notebook 3-Pack,Office Supplies,West,8,22.0,0.2,140.8,19.15,13.6
ORD-2024-1782,2023-01-01,2023-01,2023,1,Jan,Kavita Rao,Electric Standing Desk,Furniture,East,3,450.0,0.1,1215.0,64.3,5.29
ORD-2024-1568,2024-05-31,2024-05,2024,5,May,Vikram Reddy,Wireless Laser Pointer,Office Supplies,North,3,29.0,0.15,73.95,12.34,16.69
ORD-2023-1258,2023-03-22,2023-03,2023,3,Mar,David Wilson,Premium Notebook 3-Pack,Office Supplies,East,8,22.0,0.05,167.2,57.33,34.29
ORD-2023-1366,2024-04-15,2024-04,2024,4,Apr,Ananya Singh,Wooden Bookshelf 5-Tier,Furniture,West,1,180.0,0.15,153.0,9.69,6.33
ORD-2024-1479,2023-11-10,2023-11,2023,11,Nov,Priya Patel,"4K Ultra HD Monitor 27""",Technology,East,8,349.0,0.2,2233.6,90.15,4.04
ORD-2023-1016,2023-01-12,2023-01,2023,1,Jan,Neha Gupta,Gel Pen Set 12-Pack,Office Supplies,East,6,15.0,0.0,90.0,32.83,36.48
ORD-2023-1004,2023-07-01,2023-07,2023,7,Jul,Ananya Singh,Mesh Desktop Organizer,Office Supplies,West,6,25.0,0.1,135.0,42.2,31.26
ORD-2023-1426,2023-01-02,2023-01,2023,1,Jan,Olivia White,Electric Standing Desk,Furniture,North,3,450.0,0.2,1080.0,-7.37,-0.68
ORD-2023-1257,2024-01-24,2024-01,2024,1,Jan,Michael Brown,Ergonomic Office Chair,Furniture,South,5,289.0,0.0,1445.0,284.65,19.7
ORD-2023-1378,2023-07-13,2023-07,2023,7,Jul,Pooja Desai,Premium Notebook 3-Pack,Office Supplies,North,4,22.0,0.15,74.8,17.93,23.97
ORD-2023-1397,2023-02-01,2023-02,2023,2,Feb,Michael Brown,Dry Erase Whiteboard 36x24,Office Supplies,East,2,65.0,0.05,123.5,37.23,30.15
ORD-2023-1345,2023-09-26,2023-09,2023,9,Sep,James Anderson,Conference Room Table,Furniture,East,7,620.0,0.2,3472.0,-49.49,-1.43
ORD-2024-1670,2023-03-29,2023-03,2023,3,Mar,Priya Patel,Logitech MX Master 3,Technology,South,5,99.0,0.0,495.0,125.01,25.25
ORD-2023-1424,2023-12-11,2023-12,2023,12,Dec,Vikram Reddy,AirPods Pro,Technology,West,8,249.0,0.1,1792.8,330.8,18.45
ORD-2024-1643,2023-09-02,2023-09,2023,9,Sep,Rohan Mehta,Gel Pen Set 12-Pack,Office Supplies,West,4,15.0,0.2,48.0,7.08,14.75
ORD-2024-1753,2024-06-05,2024-06,2024,6,Jun,David Wilson,Electric Standing Desk,Furniture,East,4,450.0,0.05,1710.0,244.83,14.32
ORD-2023-1325,2024-10-05,2024-10,2024,10,Oct,Emma Johnson,Mechanical Keyboard RGB,Technology,South,8,129.0,0.2,825.6,31.65,3.83
ORD-2024-1591,2024-06-12,2024-06,2024,6,Jun,Deepak Chopra,Mechanical Keyboard RGB,Technology,South,5,129.0,0.0,645.0,160.02,24.81
ORD-2023-1010,2023-06-17,2023-06,2023,6,Jun,Amit Joshi,Premium Notebook 3-Pack,Office Supplies,South,6,22.0,0.0,132.0,49.17,37.25
ORD-2023-1250,2023-08-22,2023-08,2023,8,Aug,Olivia White,Steel Filing Cabinet,Furniture,South,7,140.0,0.05,931.0,102.18,10.98
ORD-2023-1023,2024-01-18,2024-01,2024,1,Jan,Emily Taylor,Wooden Bookshelf 5-Tier,Furniture,North,4,180.0,0.05,684.0,118.71,17.36
ORD-2023-1222,2024-04-01,2024-04,2024,4,Apr,Daniel Clark,"4K Ultra HD Monitor 27""",Technology,West,4,349.0,0.0,1396.0,375.72,26.91
ORD-2024-1555,2023-09-28,2023-09,2023,9,Sep,Priya Patel,Gel Pen Set 12-Pack,Office Supplies,South,6,15.0,0.15,76.5,17.43,22.78
ORD-2024-1728,2023-04-16,2023-04,2023,4,Apr,Kavita Rao,Dry Erase Whiteboard 36x24,Office Supplies,East,1,65.0,0.2,52.0,7.08,13.62
ORD-2024-1800,2023-07-31,2023-07,2023,7,Jul,Amit Joshi,Conference Room Table,Furniture,West,7,620.0,0.05,4123.0,412.1,10.0
ORD-2024-1685,2023-05-30,2023-05,2023,5,May,Manoj Kumar,USB-C Multiport Hub,Technology,West,7,49.0,0.1,308.7,49.58,16.06
ORD-2023-1341,2023-06-18,2023-06,2023,6,Jun,Swati Iyer,Logitech MX Master 3,Technology,South,3,99.0,0.1,267.3,40.16,15.02
ORD-2024-1778,2023-03-03,2023-03,2023,3,Mar,Amit Joshi,AirPods Pro,Technology,West,2,249.0,0.15,423.3,25.72,6.08
ORD-2023-1204,2024-05-26,2024-05,2024,5,May,Aarav Sharma,Premium Notebook 3-Pack,Office Supplies,South,3,22.0,0.1,59.4,16.4,27.61
ORD-2023-1238,2023-05-25,2023-05,2023,5,May,Pooja Desai,Electric Standing Desk,Furniture,West,4,450.0,0.05,1710.0,188.86,11.04
ORD-2023-1094,2023-02-25,2023-02,2023,2,Feb,Deepak Chopra,Samsung Galaxy S23,Technology,West,2,799.0,0.0,1598.0,374.05,23.41
ORD-2024-1669,2024-03-28,2024-03,2024,3,Mar,David Wilson,Dell XPS 15,Technology,South,4,1250.0,0.1,4500.0,837.6,18.61
ORD-2023-1369,2023-08-28,2023-08,2023,8,Aug,Rohan Mehta,Mesh Desktop Organizer,Office Supplies,North,1,25.0,0.05,23.75,7.32,30.82
ORD-2024-1522,2023-07-21,2023-07,2023,7,Jul,Rahul Verma,"4K Ultra HD Monitor 27""",Technology,West,3,349.0,0.0,1047.0,277.5,26.5
ORD-2023-1285,2023-04-26,2023-04,2023,4,Apr,Kavita Rao,Executive Leather Chair,Furniture,North,4,350.0,0.05,1330.0,230.46,17.33
ORD-2023-1185,2024-03-25,2024-03,2024,3,Mar,Daniel Clark,AirPods Pro,Technology,East,6,249.0,0.1,1344.6,222.62,16.56
ORD-2024-1660,2023-04-08,2023-04,2023,4,Apr,Pooja Desai,Dell XPS 15,Technology,West,2,1250.0,0.0,2500.0,515.63,20.63
ORD-2024-1589,2023-07-09,2023-07,2023,7,Jul,Manoj Kumar,Wooden Bookshelf 5-Tier,Furniture,West,1,180.0,0.15,153.0,10.93,7.14
ORD-2023-1154,2023-03-24,2023-03,2023,3,Mar,Vikram Reddy,ThinkPad Carbon X1,Technology,South,5,1150.0,0.2,4600.0,168.78,3.67
ORD-2023-1076,2023-02-23,2023-02,2023,2,Feb,Emma Johnson,Logitech MX Master 3,Technology,North,1,99.0,0.0,99.0,20.2,20.4
ORD-2024-1537,2023-02-16,2023-02,2023,2,Feb,Rohan Mehta,Ergonomic Office Chair,Furniture,North,5,289.0,0.1,1300.5,103.28,7.94
ORD-2024-1795,2024-03-12,2024-03,2024,3,Mar,Swati Iyer,Gel Pen Set 12-Pack,Office Supplies,West,6,15.0,0.0,90.0,25.46,28.29
ORD-2023-1278,2024-04-18,2024-04,2024,4,Apr,Pooja Desai,Dry Erase Whiteboard 36x24,Office Supplies,North,7,65.0,0.1,409.5,91.92,22.45
ORD-2023-1069,2023-06-06,2023-06,2023,6,Jun,Rohan Mehta,Executive Leather Chair,Furniture,West,6,350.0,0.2,1680.0,-36.28,-2.16
ORD-2024-1714,2023-01-02,2023-01,2023,1,Jan,David Wilson,Premium Notebook 3-Pack,Office Supplies,North,4,22.0,0.2,70.4,7.05,10.01
ORD-2023-1189,2023-03-28,2023-03,2023,3,Mar,Michael Brown,Premium Notebook 3-Pack,Office Supplies,East,3,22.0,0.2,52.8,12.46,23.6
ORD-2023-1272,2023-06-13,2023-06,2023,6,Jun,Emily Taylor,Mesh Desktop Organizer,Office Supplies,East,2,25.0,0.1,45.0,12.79,28.42
ORD-2023-1237,2024-06-11,2024-06,2024,6,Jun,John Smith,Logitech MX Master 3,Technology,West,2,99.0,0.1,178.2,28.52,16.0
ORD-2023-1089,2023-01-18,2023-01,2023,1,Jan,Sneha Nair,Electric Standing Desk,Furniture,South,5,450.0,0.2,1800.0,-21.42,-1.19
ORD-2024-1693,2024-06-21,2024-06,2024,6,Jun,Deepak Chopra,Dell XPS 15,Technology,North,8,1250.0,0.15,8500.0,638.39,7.51
ORD-2023-1118,2024-05-16,2024-05,2024,5,May,David Wilson,LED Desk Lamp with Wireless Charger,Furniture,West,6,55.0,0.1,297.0,25.03,8.43
ORD-2023-1126,2023-11-03,2023-11,2023,11,Nov,Priya Patel,USB-C Multiport Hub,Technology,North,5,49.0,0.1,220.5,36.75,16.67
ORD-2024-1671,2023-04-24,2023-04,2023,4,Apr,James Anderson,MacBook Air M2,Technology,East,4,999.0,0.2,3196.8,251.95,7.88
ORD-2023-1290,2023-06-29,2023-06,2023,6,Jun,Sarah Davis,LED Desk Lamp with Wireless Charger,Furniture,West,1,55.0,0.1,49.5,2.46,4.97
ORD-2023-1239,2023-11-17,2023-11,2023,11,Nov,Ananya Singh,Steel Filing Cabinet,Furniture,West,8,140.0,0.1,1008.0,89.84,8.91
ORD-2023-1001,2023-04-25,2023-04,2023,4,Apr,Amit Joshi,Logitech MX Master 3,Technology,South,3,99.0,0.0,297.0,67.08,22.59
ORD-2024-1512,2023-05-12,2023-05,2023,5,May,Kavita Rao,Wireless Laser Pointer,Office Supplies,East,7,29.0,0.15,172.55,26.89,15.58
ORD-2024-1452,2024-03-29,2024-03,2024,3,Mar,John Smith,Mechanical Keyboard RGB,Technology,West,2,129.0,0.05,245.1,50.22,20.49
ORD-2024-1712,2023-10-22,2023-10,2023,10,Oct,John Smith,Mechanical Keyboard RGB,Technology,East,3,129.0,0.2,309.6,13.54,4.37
ORD-2024-1629,2023-02-02,2023-02,2023,2,Feb,Manoj Kumar,Samsung Galaxy S23,Technology,North,5,799.0,0.15,3395.75,496.54,14.62
ORD-2023-1279,2023-08-12,2023-08,2023,8,Aug,Priya Patel,Executive Leather Chair,Furniture,East,2,350.0,0.2,560.0,-41.67,-7.44
ORD-2024-1634,2023-08-12,2023-08,2023,8,Aug,Guest Customer,Premium Notebook 3-Pack,Office Supplies,West,6,22.0,0.0,132.0,50.15,37.99
ORD-2023-1117,2024-02-29,2024-02,2024,2,Feb,Emily Taylor,Mechanical Keyboard RGB,Technology,North,5,129.0,0.1,580.5,72.89,12.56
ORD-2023-1229,2023-02-26,2023-02,2023,2,Feb,Emily Taylor,Samsung Galaxy S23,Technology,East,3,799.0,0.05,2277.15,489.44,21.49
ORD-2024-1674,2024-04-21,2024-04,2024,4,Apr,Aarav Sharma,ThinkPad Carbon X1,Technology,West,5,1150.0,0.1,5175.0,637.43,12.32
ORD-2023-1427,2023-08-15,2023-08,2023,8,Aug,Neha Gupta,Steel Filing Cabinet,Furniture,South,6,140.0,0.0,840.0,168.81,20.1
ORD-2023-1441,2023-04-06,2023-04,2023,4,Apr,Kavita Rao,iPad Air,Technology,North,6,599.0,0.2,2875.2,168.49,5.86
ORD-2023-1275,2024-01-06,2024-01,2024,1,Jan,Olivia White,iPad Air,Technology,North,4,599.0,0.2,1916.8,88.81,4.63
ORD-2023-1319,2024-01-25,2024-01,2024,1,Jan,Arjun Kapoor,Samsung Galaxy S23,Technology,West,6,799.0,0.1,4314.6,822.06,19.05
ORD-2024-1559,2024-05-08,2024-05,2024,5,May,Aarav Sharma,Conference Room Table,Furniture,South,8,620.0,0.05,4712.0,751.94,15.96
ORD-2023-1145,2023-08-30,2023-08,2023,8,Aug,Neha Gupta,Gel Pen Set 12-Pack,Office Supplies,East,6,15.0,0.0,90.0,31.7,35.22
ORD-2024-1586,2023-12-23,2023-12,2023,12,Dec,Amit Joshi,Logitech MX Master 3,Technology,South,8,99.0,0.15,673.2,66.53,9.88
ORD-2024-1515,2023-10-25,2023-10,2023,10,Oct,Kavita Rao,Samsung Galaxy S23,Technology,South,6,799.0,0.0,4794.0,1050.55,21.91
ORD-2024-1742,2023-03-21,2023-03,2023,3,Mar,Deepak Chopra,Heavy-Duty Paper Shredder,Office Supplies,West,2,89.0,0.2,142.4,22.87,16.06
ORD-2024-1594,2023-09-05,2023-09,2023,9,Sep,Rahul Verma,Logitech MX Master 3,Technology,South,4,99.0,0.2,316.8,20.4,6.44
ORD-2023-1370,2023-05-16,2023-05,2023,5,May,Emily Taylor,Gel Pen Set 12-Pack,Office Supplies,West,1,15.0,0.0,15.0,4.75,31.67
ORD-2023-1269,2023-03-30,2023-03,2023,3,Mar,Neha Gupta,AirPods Pro,Technology,South,8,249.0,0.1,1792.8,209.43,11.68
ORD-2024-1576,2024-02-28,2024-02,2024,2,Feb,Robert Martinez,Steel Filing Cabinet,Furniture,South,6,140.0,0.2,672.0,-20.49,-3.05
ORD-2023-1308,2023-03-22,2023-03,2023,3,Mar,Michael Brown,Wooden Bookshelf 5-Tier,Furniture,South,4,180.0,0.1,648.0,47.0,7.25
ORD-2023-1311,2023-12-06,2023-12,2023,12,Dec,Neha Gupta,Conference Room Table,Furniture,North,4,620.0,0.05,2356.0,242.79,10.31
ORD-2024-1458,2023-09-22,2023-09,2023,9,Sep,Deepak Chopra,ThinkPad Carbon X1,Technology,East,1,1150.0,0.15,977.5,144.93,14.83
ORD-2023-1047,2024-01-09,2024-01,2024,1,Jan,Priya Patel,Ergonomic Office Chair,Furniture,South,4,289.0,0.0,1156.0,221.61,19.17
ORD-2023-1350,2023-02-24,2023-02,2023,2,Feb,Aarav Sharma,Steel Filing Cabinet,Furniture,South,4,140.0,0.15,476.0,-3.98,-0.84
ORD-2023-1372,2023-02-04,2023-02,2023,2,Feb,Neha Gupta,iPad Air,Technology,East,6,599.0,0.1,3234.6,607.49,18.78
ORD-2024-1531,2024-01-19,2024-01,2024,1,Jan,Emily Taylor,Wooden Bookshelf 5-Tier,Furniture,West,1,180.0,0.1,162.0,8.66,5.35
ORD-2023-1262,2023-06-11,2023-06,2023,6,Jun,James Anderson,Steel Filing Cabinet,Furniture,South,5,140.0,0.1,630.0,68.02,10.8
ORD-2023-1196,2023-05-22,2023-05,2023,5,May,Priya Patel,Premium Notebook 3-Pack,Office Supplies,West,6,22.0,0.2,105.6,11.6,10.98
ORD-2024-1572,2023-04-11,2023-04,2023,4,Apr,Amit Joshi,Steel Filing Cabinet,Furniture,South,2,140.0,0.1,252.0,20.2,8.02
ORD-2024-1683,2023-07-27,2023-07,2023,7,Jul,Pooja Desai,Mesh Desktop Organizer,Office Supplies,South,7,25.0,0.05,166.25,47.47,28.55
ORD-2023-1108,2024-02-23,2024-02,2024,2,Feb,Kavita Rao,iPad Air,Technology,South,6,599.0,0.15,3054.9,267.77,8.77
ORD-2023-1060,2023-10-18,2023-10,2023,10,Oct,Arjun Kapoor,Wireless Laser Pointer,Office Supplies,East,2,29.0,0.05,55.1,15.62,28.35
ORD-2024-1630,2024-04-26,2024-04,2024,4,Apr,Amit Joshi,Electric Standing Desk,Furniture,North,2,450.0,0.05,855.0,125.29,14.65
ORD-2023-1446,2024-02-11,2024-02,2024,2,Feb,Amit Joshi,Conference Room Table,Furniture,West,1,620.0,0.2,496.0,-16.74,-3.37
ORD-2023-1101,2023-02-03,2023-02,2023,2,Feb,Deepak Chopra,"4K Ultra HD Monitor 27""",Technology,West,2,349.0,0.05,663.1,108.95,16.43
ORD-2024-1484,2023-04-29,2023-04,2023,4,Apr,Michael Brown,iPad Air,Technology,East,8,599.0,0.05,4552.4,1023.38,22.48
ORD-2024-1733,2023-02-25,2023-02,2023,2,Feb,Michael Brown,AirPods Pro,Technology,West,6,249.0,0.1,1344.6,229.2,17.05
ORD-2024-1592,2023-12-17,2023-12,2023,12,Dec,Ananya Singh,Steel Filing Cabinet,Furniture,East,6,140.0,0.05,798.0,82.7,10.36
ORD-2024-1704,2024-05-25,2024-05,2024,5,May,Aarav Sharma,Wireless Laser Pointer,Office Supplies,West,4,29.0,0.05,110.2,32.4,29.4
ORD-2023-1180,2024-04-25,2024-04,2024,4,Apr,Pooja Desai,Mechanical Keyboard RGB,Technology,North,6,129.0,0.2,619.2,57.33,9.26
ORD-2023-1305,2024-05-09,2024-05,2024,5,May,Aarav Sharma,MacBook Air M2,Technology,West,1,999.0,0.0,999.0,237.41,23.76
ORD-2023-1005,2023-12-11,2023-12,2023,12,Dec,Michael Brown,iPad Air,Technology,East,6,599.0,0.2,2875.2,211.46,7.35
ORD-2024-1483,2023-09-19,2023-09,2023,9,Sep,Daniel Clark,Dell XPS 15,Technology,North,2,1250.0,0.0,2500.0,690.35,27.61
ORD-2024-1786,2023-12-15,2023-12,2023,12,Dec,David Wilson,Stapler & Punch Kit,Office Supplies,East,4,18.0,0.05,68.4,20.41,29.84
ORD-2023-1150,2023-09-01,2023-09,2023,9,Sep,Aarav Sharma,AirPods Pro,Technology,East,1,249.0,0.05,236.55,42.49,17.96
ORD-2023-1125,2023-10-22,2023-10,2023,10,Oct,Swati Iyer,ThinkPad Carbon X1,Technology,West,2,1150.0,0.0,2300.0,562.36,24.45
ORD-2024-1645,2023-03-10,2023-03,2023,3,Mar,Vikram Reddy,AirPods Pro,Technology,North,4,249.0,0.0,996.0,240.21,24.12
ORD-2023-1186,2023-12-13,2023-12,2023,12,Dec,Priya Patel,Premium Notebook 3-Pack,Office Supplies,East,2,22.0,0.1,39.6,12.7,32.07
ORD-2024-1549,2023-06-29,2023-06,2023,6,Jun,Rohan Mehta,Mechanical Keyboard RGB,Technology,South,4,129.0,0.1,464.4,62.6,13.48
ORD-2023-1051,2023-08-22,2023-08,2023,8,Aug,Kavita Rao,Sony WH-1000XM5,Technology,West,6,399.0,0.1,2154.6,265.38,12.32
ORD-2024-1781,2023-03-14,2023-03,2023,3,Mar,Amit Joshi,Stapler & Punch Kit,Office Supplies,West,1,18.0,0.15,15.3,4.18,27.32
ORD-2024-1514,2024-06-08,2024-06,2024,6,Jun,Deepak Chopra,LED Desk Lamp with Wireless Charger,Furniture,East,4,55.0,0.05,209.0,33.71,16.13
ORD-2023-1322,2023-04-06,2023-04,2023,4,Apr,John Smith,Electric Standing Desk,Furniture,North,5,450.0,0.15,1912.5,87.7,4.59
ORD-2023-1354,2024-01-11,2024-01,2024,1,Jan,Manoj Kumar,Dell XPS 15,Technology,West,4,1250.0,0.15,4250.0,609.03,14.33
ORD-2024-1755,2023-02-04,2023-02,2023,2,Feb,Olivia White,Steel Filing Cabinet,Furniture,East,2,140.0,0.2,224.0,-5.19,-2.32
ORD-2023-1143,2024-04-09,2024-04,2024,4,Apr,Swati Iyer,Mesh Desktop Organizer,Office Supplies,West,3,25.0,0.15,63.75,12.86,20.17
ORD-2023-1371,2023-05-04,2023-05,2023,5,May,Guest Customer,Mesh Desktop Organizer,Office Supplies,South,8,25.0,0.0,200.0,74.51,37.26
ORD-2023-1142,2023-02-08,2023-02,2023,2,Feb,James Anderson,iPad Air,Technology,North,4,599.0,0.2,1916.8,165.68,8.64
ORD-2023-1400,2024-02-08,2024-02,2024,2,Feb,Olivia White,Dell XPS 15,Technology,West,3,1250.0,0.05,3562.5,775.0,21.75
ORD-2023-1264,2023-06-30,2023-06,2023,6,Jun,Priya Patel,Electric Standing Desk,Furniture,West,3,450.0,0.1,1215.0,67.31,5.54
ORD-2023-1321,2024-03-17,2024-03,2024,3,Mar,Robert Martinez,Conference Room Table,Furniture,West,2,620.0,0.0,1240.0,263.91,21.28
ORD-2023-1020,2023-11-11,2023-11,2023,11,Nov,Sneha Nair,Heavy-Duty Paper Shredder,Office Supplies,North,2,89.0,0.15,151.3,27.07,17.89
ORD-2023-1173,2024-04-15,2024-04,2024,4,Apr,John Smith,Heavy-Duty Paper Shredder,Office Supplies,West,7,89.0,0.15,529.55,134.11,25.33
ORD-2024-1799,2023-03-24,2023-03,2023,3,Mar,Ananya Singh,ThinkPad Carbon X1,Technology,East,7,1150.0,0.15,6842.5,600.62,8.78
ORD-2023-1313,2023-11-19,2023-11,2023,11,Nov,Rahul Verma,Heavy-Duty Paper Shredder,Office Supplies,South,7,89.0,0.0,623.0,226.83,36.41
ORD-2023-1391,2024-01-08,2024-01,2024,1,Jan,Vikram Reddy,AirPods Pro,Technology,North,7,249.0,0.05,1655.85,356.02,21.5
ORD-2024-1761,2023-01-28,2023-01,2023,1,Jan,Rohan Mehta,Samsung Galaxy S23,Technology,North,5,799.0,0.1,3595.5,676.74,18.82
ORD-2023-1013,2023-09-27,2023-09,2023,9,Sep,Sarah Davis,Heavy-Duty Paper Shredder,Office Supplies,West,6,89.0,0.05,507.3,122.99,24.24
ORD-2023-1408,2023-08-16,2023-08,2023,8,Aug,Michael Brown,Ergonomic Office Chair,Furniture,North,5,289.0,0.0,1445.0,315.38,21.83
ORD-2023-1409,2023-03-08,2023-03,2023,3,Mar,Arjun Kapoor,Wooden Bookshelf 5-Tier,Furniture,South,2,180.0,0.1,324.0,39.67,12.24
ORD-2023-1306,2023-10-09,2023-10,2023,10,Oct,Pooja Desai,MacBook Air M2,Technology,West,3,999.0,0.0,2997.0,619.05,20.66
ORD-2023-1355,2023-09-11,2023-09,2023,9,Sep,Priya Patel,Wooden Bookshelf 5-Tier,Furniture,East,6,180.0,0.0,1080.0,199.66,18.49
ORD-2023-1026,2023-08-08,2023-08,2023,8,Aug,Swati Iyer,Heavy-Duty Paper Shredder,Office Supplies,West,4,89.0,0.15,302.6,54.5,18.01
ORD-2024-1606,2023-04-09,2023-04,2023,4,Apr,John Smith,Mechanical Keyboard RGB,Technology,East,6,129.0,0.2,619.2,27.4,4.43
ORD-2023-1170,2023-07-29,2023-07,2023,7,Jul,Rahul Verma,Stapler & Punch Kit,Office Supplies,South,5,18.0,0.1,81.0,23.46,28.96
ORD-2023-1176,2023-08-15,2023-08,2023,8,Aug,Ananya Singh,ThinkPad Carbon X1,Technology,North,4,1150.0,0.1,4140.0,698.8,16.88
ORD-2023-1246,2024-05-27,2024-05,2024,5,May,Priya Patel,Samsung Galaxy S23,Technology,East,8,799.0,0.2,5113.6,277.67,5.43
ORD-2023-1299,2024-04-25,2024-04,2024,4,Apr,John Smith,Sony WH-1000XM5,Technology,East,6,399.0,0.15,2034.9,302.46,14.86
ORD-2024-1679,2023-08-30,2023-08,2023,8,Aug,Emily Taylor,Mechanical Keyboard RGB,Technology,North,5,129.0,0.15,548.25,37.91,6.91
ORD-2023-1417,2023-08-27,2023-08,2023,8,Aug,Neha Gupta,Logitech MX Master 3,Technology,South,5,99.0,0.2,396.0,7.28,1.84
ORD-2024-1653,2024-03-29,2024-03,2024,3,Mar,John Smith,LED Desk Lamp with Wireless Charger,Furniture,East,6,55.0,0.15,280.5,2.93,1.04
ORD-2023-1273,2023-08-15,2023-08,2023,8,Aug,Vikram Reddy,Steel Filing Cabinet,Furniture,South,8,140.0,0.2,896.0,-11.08,-1.24
ORD-2024-1621,2024-05-18,2024-05,2024,5,May,James Anderson,"4K Ultra HD Monitor 27""",Technology,North,7,349.0,0.1,2198.7,323.06,14.69
ORD-2023-1155,2023-11-29,2023-11,2023,11,Nov,Daniel Clark,Conference Room Table,Furniture,East,8,620.0,0.2,3968.0,-141.03,-3.55
ORD-2023-1127,2023-05-30,2023-05,2023,5,May,Sarah Davis,Heavy-Duty Paper Shredder,Office Supplies,South,3,89.0,0.05,253.65,90.92,35.84
ORD-2024-1450,2023-12-06,2023-12,2023,12,Dec,Priya Patel,Dry Erase Whiteboard 36x24,Office Supplies,West,5,65.0,0.1,292.5,96.71,33.06
ORD-2024-1580,2024-03-21,2024-03,2024,3,Mar,Amit Joshi,Logitech MX Master 3,Technology,East,2,99.0,0.2,158.4,15.24,9.62
ORD-2023-1342,2024-04-18,2024-04,2024,4,Apr,Michael Brown,Premium Notebook 3-Pack,Office Supplies,South,3,22.0,0.15,56.1,13.37,23.83
ORD-2023-1431,2024-05-05,2024-05,2024,5,May,Olivia White,Premium Notebook 3-Pack,Office Supplies,South,3,22.0,0.15,56.1,15.92,28.38
ORD-2023-1288,2023-08-28,2023-08,2023,8,Aug,Swati Iyer,Heavy-Duty Paper Shredder,Office Supplies,East,6,89.0,0.05,507.3,167.56,33.03
ORD-2023-1114,2023-04-27,2023-04,2023,4,Apr,Neha Gupta,Premium Notebook 3-Pack,Office Supplies,South,8,22.0,0.1,158.4,42.05,26.55
ORD-2024-1649,2023-11-02,2023-11,2023,11,Nov,Pooja Desai,ThinkPad Carbon X1,Technology,South,2,1150.0,0.0,2300.0,510.57,22.2
ORD-2023-1174,2024-02-19,2024-02,2024,2,Feb,John Smith,AirPods Pro,Technology,West,6,249.0,0.0,1494.0,366.12,24.51
ORD-2023-1360,2023-11-26,2023-11,2023,11,Nov,Manoj Kumar,Gel Pen Set 12-Pack,Office Supplies,West,8,15.0,0.05,114.0,33.69,29.55
ORD-2024-1584,2023-01-01,2023-01,2023,1,Jan,Rohan Mehta,Mechanical Keyboard RGB,Technology,West,6,129.0,0.15,657.9,75.51,11.48
ORD-2023-1058,2024-02-20,2024-02,2024,2,Feb,Aarav Sharma,"4K Ultra HD Monitor 27""",Technology,East,4,349.0,0.15,1186.6,93.73,7.9
ORD-2024-1560,2024-06-10,2024-06,2024,6,Jun,Rahul Verma,Samsung Galaxy S23,Technology,South,3,799.0,0.1,2157.3,316.02,14.65
ORD-2023-1223,2023-03-17,2023-03,2023,3,Mar,Deepak Chopra,Wooden Bookshelf 5-Tier,Furniture,North,6,180.0,0.1,972.0,68.3,7.03
ORD-2023-1281,2024-03-06,2024-03,2024,3,Mar,Michael Brown,Wooden Bookshelf 5-Tier,Furniture,West,7,180.0,0.0,1260.0,208.38,16.54
ORD-2023-1018,2023-02-11,2023-02,2023,2,Feb,Emily Taylor,Wireless Laser Pointer,Office Supplies,South,3,29.0,0.1,78.3,18.14,23.17
ORD-2023-1128,2024-01-27,2024-01,2024,1,Jan,Sneha Nair,Steel Filing Cabinet,Furniture,South,4,140.0,0.15,476.0,10.62,2.23
ORD-2023-1323,2023-03-28,2023-03,2023,3,Mar,Robert Martinez,Logitech MX Master 3,Technology,South,7,99.0,0.05,658.35,151.69,23.04
ORD-2023-1256,2023-12-24,2023-12,2023,12,Dec,Swati Iyer,Mechanical Keyboard RGB,Technology,East,2,129.0,0.2,206.4,6.67,3.23
ORD-2024-1546,2023-06-06,2023-06,2023,6,Jun,Emma Johnson,USB-C Multiport Hub,Technology,West,3,49.0,0.0,147.0,37.48,25.5
ORD-2024-1471,2024-04-19,2024-04,2024,4,Apr,James Anderson,Dell XPS 15,Technology,North,8,1250.0,0.05,9500.0,1899.62,20.0
ORD-2024-1607,2023-09-21,2023-09,2023,9,Sep,Sarah Davis,iPad Air,Technology,East,4,599.0,0.2,1916.8,81.29,4.24
ORD-2024-1469,2023-09-22,2023-09,2023,9,Sep,Robert Martinez,Stapler & Punch Kit,Office Supplies,South,6,18.0,0.0,108.0,40.32,37.33
ORD-2024-1784,2023-03-13,2023-03,2023,3,Mar,Aarav Sharma,Electric Standing Desk,Furniture,West,2,450.0,0.2,720.0,-20.54,-2.85
ORD-2023-1191,2024-05-12,2024-05,2024,5,May,Vikram Reddy,Samsung Galaxy S23,Technology,North,5,799.0,0.0,3995.0,956.34,23.94
ORD-2023-1116,2023-07-15,2023-07,2023,7,Jul,Emily Taylor,Dry Erase Whiteboard 36x24,Office Supplies,South,2,65.0,0.0,130.0,26.95,20.73
ORD-2024-1524,2023-05-14,2023-05,2023,5,May,Amit Joshi,MacBook Air M2,Technology,East,8,999.0,0.05,7592.4,1812.62,23.87
ORD-2024-1721,2023-12-29,2023-12,2023,12,Dec,Vikram Reddy,Mechanical Keyboard RGB,Technology,North,6,129.0,0.15,657.9,61.83,9.4
ORD-2024-1552,2023-10-25,2023-10,2023,10,Oct,Emily Taylor,Conference Room Table,Furniture,North,7,620.0,0.1,3906.0,346.45,8.87
ORD-2023-1095,2024-04-25,2024-04,2024,4,Apr,John Smith,AirPods Pro,Technology,North,5,249.0,0.15,1058.25,150.49,14.22
ORD-2023-1181,2024-04-17,2024-04,2024,4,Apr,Priya Patel,Ergonomic Office Chair,Furniture,East,2,289.0,0.0,578.0,98.72,17.08
ORD-2023-1302,2024-05-17,2024-05,2024,5,May,Swati Iyer,Ergonomic Office Chair,Furniture,South,3,289.0,0.2,693.6,-16.53,-2.38
ORD-2024-1626,2024-05-18,2024-05,2024,5,May,Aarav Sharma,Samsung Galaxy S23,Technology,North,1,799.0,0.05,759.05,121.62,16.02
ORD-2024-1590,2023-03-11,2023-03,2023,3,Mar,Sneha Nair,Gel Pen Set 12-Pack,Office Supplies,South,6,15.0,0.15,76.5,12.18,15.92
ORD-2024-1599,2023-05-04,2023-05,2023,5,May,David Wilson,USB-C Multiport Hub,Technology,North,1,49.0,0.05,46.55,9.78,21.01
ORD-2024-1569,2023-02-09,2023-02,2023,2,Feb,Robert Martinez,Conference Room Table,Furniture,North,2,620.0,0.15,1054.0,21.39,2.03
ORD-2024-1618,2023-07-01,2023-07,2023,7,Jul,David Wilson,Premium Notebook 3-Pack,Office Supplies,West,5,22.0,0.1,99.0,26.64,26.91
ORD-2024-1726,2023-12-02,2023-12,2023,12,Dec,Neha Gupta,Conference Room Table,Furniture,South,4,620.0,0.0,2480.0,454.46,18.32
ORD-2024-1550,2023-03-20,2023-03,2023,3,Mar,Aarav Sharma,Conference Room Table,Furniture,North,7,620.0,0.2,3472.0,12.93,0.37
ORD-2023-1006,2023-02-14,2023-02,2023,2,Feb,Robert Martinez,iPad Air,Technology,West,2,599.0,0.2,958.4,67.74,7.07
ORD-2023-1046,2023-06-02,2023-06,2023,6,Jun,Emma Johnson,Heavy-Duty Paper Shredder,Office Supplies,South,7,89.0,0.05,591.85,214.92,36.31
ORD-2024-1741,2024-03-17,2024-03,2024,3,Mar,Sarah Davis,Heavy-Duty Paper Shredder,Office Supplies,East,4,89.0,0.05,338.2,96.29,28.47
ORD-2023-1158,2023-09-19,2023-09,2023,9,Sep,Vikram Reddy,Gel Pen Set 12-Pack,Office Supplies,West,2,15.0,0.0,30.0,9.01,30.03
ORD-2024-1614,2023-04-08,2023-04,2023,4,Apr,James Anderson,LED Desk Lamp with Wireless Charger,Furniture,North,1,55.0,0.15,46.75,1.54,3.29
ORD-2023-1172,2024-05-27,2024-05,2024,5,May,Kavita Rao,Ergonomic Office Chair,Furniture,North,7,289.0,0.0,2023.0,374.46,18.51
ORD-2023-1017,2023-06-11,2023-06,2023,6,Jun,Swati Iyer,Dry Erase Whiteboard 36x24,Office Supplies,East,3,65.0,0.2,156.0,17.64,11.31
ORD-2023-1049,2023-01-26,2023-01,2023,1,Jan,John Smith,Executive Leather Chair,Furniture,South,5,350.0,0.05,1662.5,187.27,11.26
ORD-2024-1790,2024-04-05,2024-04,2024,4,Apr,Aarav Sharma,Dell XPS 15,Technology,East,1,1250.0,0.1,1125.0,146.22,13.0
ORD-2024-1516,2024-05-06,2024-05,2024,5,May,Kavita Rao,Mesh Desktop Organizer,Office Supplies,West,5,25.0,0.15,106.25,19.13,18.0
ORD-2024-1570,2023-01-02,2023-01,2023,1,Jan,Manoj Kumar,Gel Pen Set 12-Pack,Office Supplies,West,7,15.0,0.1,94.5,20.48,21.67
ORD-2024-1481,2023-06-18,2023-06,2023,6,Jun,Michael Brown,MacBook Air M2,Technology,South,4,999.0,0.05,3796.2,851.57,22.43
ORD-2023-1284,2024-01-24,2024-01,2024,1,Jan,Sneha Nair,Wooden Bookshelf 5-Tier,Furniture,East,3,180.0,0.1,486.0,56.66,11.66
ORD-2024-1544,2023-07-22,2023-07,2023,7,Jul,James Anderson,USB-C Multiport Hub,Technology,East,3,49.0,0.05,139.65,32.63,23.37
ORD-2023-1226,2024-04-23,2024-04,2024,4,Apr,Robert Martinez,Samsung Galaxy S23,Technology,North,2,799.0,0.1,1438.2,236.74,16.46
ORD-2023-1027,2023-07-14,2023-07,2023,7,Jul,Kavita Rao,Executive Leather Chair,Furniture,East,7,350.0,0.15,2082.5,79.96,3.84
ORD-2024-1641,2023-06-14,2023-06,2023,6,Jun,Vikram Reddy,Wooden Bookshelf 5-Tier,Furniture,East,5,180.0,0.2,720.0,-8.43,-1.17
ORD-2023-1438,2023-06-24,2023-06,2023,6,Jun,Rohan Mehta,Steel Filing Cabinet,Furniture,North,5,140.0,0.15,595.0,22.63,3.8
ORD-2023-1365,2023-05-14,2023-05,2023,5,May,James Anderson,USB-C Multiport Hub,Technology,North,1,49.0,0.0,49.0,11.27,23.0
ORD-2023-1230,2023-08-19,2023-08,2023,8,Aug,Emily Taylor,"4K Ultra HD Monitor 27""",Technology,North,5,349.0,0.05,1657.75,312.7,18.86
ORD-2023-1038,2023-11-18,2023-11,2023,11,Nov,Michael Brown,Samsung Galaxy S23,Technology,East,8,799.0,0.1,5752.8,675.5,11.74
ORD-2024-1785,2024-01-03,2024-01,2024,1,Jan,Pooja Desai,Electric Standing Desk,Furniture,North,2,450.0,0.1,810.0,69.51,8.58
ORD-2023-1375,2023-08-11,2023-08,2023,8,Aug,Neha Gupta,Samsung Galaxy S23,Technology,North,7,799.0,0.1,5033.7,575.74,11.44
ORD-2024-1470,2023-08-17,2023-08,2023,8,Aug,Pooja Desai,Executive Leather Chair,Furniture,East,6,350.0,0.1,1890.0,153.62,8.13
ORD-2024-1787,2024-01-29,2024-01,2024,1,Jan,Pooja Desai,Mesh Desktop Organizer,Office Supplies,West,2,25.0,0.1,45.0,12.08,26.84
ORD-2024-1694,2023-02-13,2023-02,2023,2,Feb,Sneha Nair,Conference Room Table,Furniture,West,1,620.0,0.2,496.0,-6.81,-1.37
ORD-2024-1762,2023-10-15,2023-10,2023,10,Oct,Amit Joshi,MacBook Air M2,Technology,North,3,999.0,0.2,2397.6,62.59,2.61
ORD-2023-1195,2024-03-27,2024-03,2024,3,Mar,Pooja Desai,Stapler & Punch Kit,Office Supplies,West,7,18.0,0.05,119.7,31.75,26.52
ORD-2024-1696,2023-10-29,2023-10,2023,10,Oct,Priya Patel,Mesh Desktop Organizer,Office Supplies,South,8,25.0,0.15,170.0,47.83,28.14
ORD-2024-1705,2024-05-02,2024-05,2024,5,May,David Wilson,ThinkPad Carbon X1,Technology,North,4,1150.0,0.2,3680.0,265.65,7.22
ORD-2024-1504,2023-01-01,2023-01,2023,1,Jan,Daniel Clark,Wireless Laser Pointer,Office Supplies,East,4,29.0,0.15,98.6,15.77,15.99
ORD-2024-1789,2024-02-03,2024-02,2024,2,Feb,Robert Martinez,Premium Notebook 3-Pack,Office Supplies,East,8,22.0,0.2,140.8,14.82,10.53
ORD-2024-1680,2023-01-31,2023-01,2023,1,Jan,Amit Joshi,Logitech MX Master 3,Technology,South,6,99.0,0.15,504.9,46.0,9.11
ORD-2024-1788,2024-03-24,2024-03,2024,3,Mar,Vikram Reddy,Dell XPS 15,Technology,South,1,1250.0,0.2,1000.0,76.15,7.62
ORD-2023-1163,2023-01-27,2023-01,2023,1,Jan,Kavita Rao,Mesh Desktop Organizer,Office Supplies,East,1,25.0,0.05,23.75,7.93,33.39
ORD-2024-1582,2024-03-25,2024-03,2024,3,Mar,Kavita Rao,Conference Room Table,Furniture,East,4,620.0,0.0,2480.0,390.06,15.73
ORD-2023-1153,2024-05-05,2024-05,2024,5,May,Sarah Davis,Gel Pen Set 12-Pack,Office Supplies,North,8,15.0,0.0,120.0,28.94,24.12
ORD-2024-1757,2023-04-01,2023-04,2023,4,Apr,Arjun Kapoor,Dry Erase Whiteboard 36x24,Office Supplies,North,5,65.0,0.2,260.0,62.94,24.21
ORD-2024-1581,2024-01-29,2024-01,2024,1,Jan,Michael Brown,Wireless Laser Pointer,Office Supplies,East,1,29.0,0.05,27.55,7.92,28.75
ORD-2024-1622,2023-01-08,2023-01,2023,1,Jan,Rahul Verma,Executive Leather Chair,Furniture,West,7,350.0,0.05,2327.5,384.5,16.52
ORD-2023-1112,2023-05-15,2023-05,2023,5,May,David Wilson,Mesh Desktop Organizer,Office Supplies,West,2,25.0,0.0,50.0,14.16,28.32
ORD-2023-1227,2024-05-05,2024-05,2024,5,May,Manoj Kumar,Executive Leather Chair,Furniture,North,3,350.0,0.1,945.0,72.04,7.62
ORD-2024-1571,2024-06-26,2024-06,2024,6,Jun,James Anderson,Stapler & Punch Kit,Office Supplies,West,6,18.0,0.2,86.4,11.17,12.93
ORD-2023-1104,2023-11-08,2023-11,2023,11,Nov,Amit Joshi,Conference Room Table,Furniture,West,8,620.0,0.0,4960.0,853.9,17.22
ORD-2023-1422,2023-07-26,2023-07,2023,7,Jul,John Smith,Mesh Desktop Organizer,Office Supplies,South,6,25.0,0.0,150.0,59.61,39.74
ORD-2023-1420,2023-12-07,2023-12,2023,12,Dec,James Anderson,LED Desk Lamp with Wireless Charger,Furniture,East,3,55.0,0.15,140.25,11.05,7.88
ORD-2023-1120,2024-02-25,2024-02,2024,2,Feb,Swati Iyer,Steel Filing Cabinet,Furniture,West,7,140.0,0.05,931.0,127.77,13.72
ORD-2023-1054,2023-11-18,2023-11,2023,11,Nov,Emily Taylor,iPad Air,Technology,West,4,599.0,0.1,2156.4,422.77,19.61
ORD-2023-1152,2024-04-07,2024-04,2024,4,Apr,Daniel Clark,Dell XPS 15,Technology,East,8,1250.0,0.0,10000.0,2751.34,27.51
ORD-2023-1404,2023-09-29,2023-09,2023,9,Sep,Rohan Mehta,AirPods Pro,Technology,East,1,249.0,0.05,236.55,40.62,17.17
ORD-2024-1769,2024-06-26,2024-06,2024,6,Jun,Priya Patel,iPad Air,Technology,East,7,599.0,0.2,3354.4,27.49,0.82
ORD-2023-1208,2023-04-17,2023-04,2023,4,Apr,Swati Iyer,Stapler & Punch Kit,Office Supplies,East,3,18.0,0.0,54.0,19.32,35.78
ORD-2024-1689,2023-05-21,2023-05,2023,5,May,Sneha Nair,Dell XPS 15,Technology,West,1,1250.0,0.1,1125.0,129.98,11.55
ORD-2024-1639,2024-01-22,2024-01,2024,1,Jan,Vikram Reddy,Mechanical Keyboard RGB,Technology,North,8,129.0,0.15,877.2,88.01,10.03
ORD-2023-1009,2023-08-03,2023-08,2023,8,Aug,Deepak Chopra,Gel Pen Set 12-Pack,Office Supplies,North,3,15.0,0.2,36.0,5.06,14.06
ORD-2024-1797,2023-10-08,2023-10,2023,10,Oct,Sarah Davis,AirPods Pro,Technology,East,3,249.0,0.15,634.95,82.55,13.0
ORD-2023-1037,2023-03-25,2023-03,2023,3,Mar,Olivia White,Heavy-Duty Paper Shredder,Office Supplies,East,5,89.0,0.05,422.75,119.99,28.38
ORD-2024-1453,2024-02-21,2024-02,2024,2,Feb,Manoj Kumar,Conference Room Table,Furniture,East,1,620.0,0.2,496.0,-26.86,-5.42
ORD-2023-1254,2024-06-29,2024-06,2024,6,Jun,Emma Johnson,Gel Pen Set 12-Pack,Office Supplies,East,8,15.0,0.05,114.0,28.21,24.75
ORD-2023-1304,2023-08-25,2023-08,2023,8,Aug,Vikram Reddy,MacBook Air M2,Technology,South,8,999.0,0.1,7192.8,1399.91,19.46
ORD-2024-1627,2023-10-16,2023-10,2023,10,Oct,Deepak Chopra,Wooden Bookshelf 5-Tier,Furniture,North,4,180.0,0.0,720.0,149.72,20.79
ORD-2024-1588,2024-06-09,2024-06,2024,6,Jun,Robert Martinez,Heavy-Duty Paper Shredder,Office Supplies,East,8,89.0,0.15,605.2,129.88,21.46
ORD-2024-1596,2024-05-08,2024-05,2024,5,May,John Smith,Steel Filing Cabinet,Furniture,East,8,140.0,0.05,1064.0,102.2,9.61
ORD-2023-1263,2023-03-02,2023-03,2023,3,Mar,Rohan Mehta,Premium Notebook 3-Pack,Office Supplies,South,1,22.0,0.05,20.9,6.6,31.58
ORD-2023-1298,2024-01-03,2024-01,2024,1,Jan,Emma Johnson,Conference Room Table,Furniture,West,8,620.0,0.0,4960.0,772.64,15.58
ORD-2023-1415,2024-05-11,2024-05,2024,5,May,Olivia White,Conference Room Table,Furniture,East,7,620.0,0.1,3906.0,458.37,11.74
ORD-2023-1151,2024-06-22,2024-06,2024,6,Jun,Rohan Mehta,Steel Filing Cabinet,Furniture,West,6,140.0,0.2,672.0,-23.09,-3.44
ORD-2024-1767,2024-05-02,2024-05,2024,5,May,Swati Iyer,Stapler & Punch Kit,Office Supplies,South,7,18.0,0.15,107.1,24.32,22.71
ORD-2024-1724,2023-11-06,2023-11,2023,11,Nov,Emma Johnson,Dell XPS 15,Technology,South,2,1250.0,0.15,2125.0,223.8,10.53
ORD-2024-1551,2023-02-07,2023-02,2023,2,Feb,Robert Martinez,LED Desk Lamp with Wireless Charger,Furniture,West,3,55.0,0.1,148.5,14.62,9.85
ORD-2024-1489,2023-04-02,2023-04,2023,4,Apr,Olivia White,Gel Pen Set 12-Pack,Office Supplies,West,3,15.0,0.0,45.0,13.79,30.64
ORD-2023-1148,2023-08-27,2023-08,2023,8,Aug,Vikram Reddy,Wireless Laser Pointer,Office Supplies,North,5,29.0,0.05,137.75,33.57,24.37
ORD-2023-1147,2023-09-07,2023-09,2023,9,Sep,Olivia White,Sony WH-1000XM5,Technology,North,4,399.0,0.2,1276.8,100.11,7.84
ORD-2024-1597,2024-06-07,2024-06,2024,6,Jun,Sneha Nair,Stapler & Punch Kit,Office Supplies,South,1,18.0,0.2,14.4,1.87,12.99
ORD-2024-1758,2023-12-18,2023-12,2023,12,Dec,Aarav Sharma,Steel Filing Cabinet,Furniture,West,8,140.0,0.2,896.0,-43.35,-4.84
ORD-2024-1610,2024-02-19,2024-02,2024,2,Feb,Rohan Mehta,ThinkPad Carbon X1,Technology,South,6,1150.0,0.05,6555.0,1413.96,21.57
ORD-2023-1349,2023-06-27,2023-06,2023,6,Jun,James Anderson,"4K Ultra HD Monitor 27""",Technology,South,3,349.0,0.1,942.3,117.94,12.52
ORD-2024-1464,2023-12-11,2023-12,2023,12,Dec,Arjun Kapoor,USB-C Multiport Hub,Technology,East,5,49.0,0.1,220.5,40.41,18.33
ORD-2023-1326,2024-04-13,2024-04,2024,4,Apr,Pooja Desai,MacBook Air M2,Technology,West,6,999.0,0.2,4795.2,297.36,6.2
ORD-2023-1187,2024-01-31,2024-01,2024,1,Jan,Swati Iyer,Gel Pen Set 12-Pack,Office Supplies,South,6,15.0,0.0,90.0,29.71,33.01
ORD-2023-1124,2023-11-21,2023-11,2023,11,Nov,Manoj Kumar,Steel Filing Cabinet,Furniture,North,2,140.0,0.05,266.0,33.46,12.58
ORD-2024-1695,2023-02-20,2023-02,2023,2,Feb,David Wilson,Electric Standing Desk,Furniture,East,5,450.0,0.15,1912.5,127.53,6.67
ORD-2023-1144,2024-05-16,2024-05,2024,5,May,Amit Joshi,Dell XPS 15,Technology,East,4,1250.0,0.15,4250.0,472.12,11.11
ORD-2024-1779,2023-07-25,2023-07,2023,7,Jul,Ananya Singh,Premium Notebook 3-Pack,Office Supplies,West,2,22.0,0.05,41.8,12.55,30.02
ORD-2023-1198,2023-05-31,2023-05,2023,5,May,Rohan Mehta,Logitech MX Master 3,Technology,West,6,99.0,0.0,594.0,146.6,24.68
ORD-2023-1280,2023-03-12,2023-03,2023,3,Mar,James Anderson,Dell XPS 15,Technology,East,7,1250.0,0.05,8312.5,1474.22,17.73
ORD-2023-1294,2023-12-05,2023-12,2023,12,Dec,David Wilson,Ergonomic Office Chair,Furniture,North,4,289.0,0.0,1156.0,229.49,19.85
ORD-2023-1401,2023-11-19,2023-11,2023,11,Nov,Michael Brown,Mesh Desktop Organizer,Office Supplies,East,6,25.0,0.15,127.5,32.6,25.57
ORD-2023-1123,2023-09-29,2023-09,2023,9,Sep,Deepak Chopra,Electric Standing Desk,Furniture,North,6,450.0,0.2,2160.0,-28.08,-1.3
ORD-2023-1184,2023-12-18,2023-12,2023,12,Dec,Rohan Mehta,Conference Room Table,Furniture,South,1,620.0,0.05,589.0,70.3,11.94
ORD-2023-1203,2023-05-05,2023-05,2023,5,May,Sarah Davis,Premium Notebook 3-Pack,Office Supplies,West,2,22.0,0.0,44.0,13.18,29.95
ORD-2023-1439,2023-09-29,2023-09,2023,9,Sep,Robert Martinez,Electric Standing Desk,Furniture,South,6,450.0,0.15,2295.0,109.21,4.76
ORD-2023-1247,2024-06-11,2024-06,2024,6,Jun,Daniel Clark,USB-C Multiport Hub,Technology,South,7,49.0,0.2,274.4,7.15,2.61
ORD-2023-1416,2023-11-23,2023-11,2023,11,Nov,Aarav Sharma,Stapler & Punch Kit,Office Supplies,East,1,18.0,0.15,15.3,3.36,21.96
ORD-2024-1723,2023-10-06,2023-10,2023,10,Oct,James Anderson,Logitech MX Master 3,Technology,East,8,99.0,0.1,712.8,128.87,18.08
ORD-2023-1130,2023-12-20,2023-12,2023,12,Dec,Pooja Desai,Premium Notebook 3-Pack,Office Supplies,West,5,22.0,0.15,93.5,16.34,17.48
ORD-2023-1403,2024-04-22,2024-04,2024,4,Apr,Neha Gupta,LED Desk Lamp with Wireless Charger,Furniture,East,4,55.0,0.15,187.0,9.97,5.33
ORD-2024-1688,2024-05-03,2024-05,2024,5,May,Daniel Clark,Steel Filing Cabinet,Furniture,East,3,140.0,0.15,357.0,12.89,3.61
ORD-2024-1650,2024-06-28,2024-06,2024,6,Jun,Rahul Verma,Conference Room Table,Furniture,South,3,620.0,0.2,1488.0,-74.28,-4.99
ORD-2024-1743,2023-11-30,2023-11,2023,11,Nov,David Wilson,AirPods Pro,Technology,East,7,249.0,0.0,1743.0,404.62,23.21
ORD-2023-1220,2023-03-20,2023-03,2023,3,Mar,Emily Taylor,Ergonomic Office Chair,Furniture,West,6,289.0,0.1,1560.6,173.45,11.11
ORD-2024-1745,2023-01-01,2023-01,2023,1,Jan,Kavita Rao,Samsung Galaxy S23,Technology,West,5,799.0,0.15,3395.75,322.61,9.5
ORD-2024-1619,2023-08-21,2023-08,2023,8,Aug,David Wilson,"4K Ultra HD Monitor 27""",Technology,East,7,349.0,0.1,2198.7,409.31,18.62
ORD-2024-1783,2023-01-04,2023-01,2023,1,Jan,Manoj Kumar,Steel Filing Cabinet,Furniture,West,7,140.0,0.15,833.0,2.43,0.29
ORD-2024-1686,2023-10-08,2023-10,2023,10,Oct,Rahul Verma,iPad Air,Technology,South,3,599.0,0.0,1797.0,393.55,21.9
ORD-2023-1387,2023-03-10,2023-03,2023,3,Mar,Neha Gupta,Stapler & Punch Kit,Office Supplies,North,6,18.0,0.15,91.8,23.48,25.58
ORD-2024-1791,2023-02-13,2023-02,2023,2,Feb,Rahul Verma,Premium Notebook 3-Pack,Office Supplies,West,3,22.0,0.2,52.8,11.35,21.5
ORD-2024-1510,2024-04-06,2024-04,2024,4,Apr,Olivia White,Conference Room Table,Furniture,South,8,620.0,0.0,4960.0,880.75,17.76
ORD-2023-1268,2023-10-30,2023-10,2023,10,Oct,Manoj Kumar,Sony WH-1000XM5,Technology,South,7,399.0,0.15,2374.05,247.96,10.44
ORD-2024-1672,2024-06-19,2024-06,2024,6,Jun,Robert Martinez,Steel Filing Cabinet,Furniture,South,1,140.0,0.15,119.0,3.27,2.75
ORD-2023-1442,2023-08-21,2023-08,2023,8,Aug,Michael Brown,Conference Room Table,Furniture,West,8,620.0,0.2,3968.0,-250.64,-6.32
ORD-2024-1497,2023-05-14,2023-05,2023,5,May,James Anderson,iPad Air,Technology,West,8,599.0,0.0,4792.0,1317.48,27.49
ORD-2023-1113,2023-03-09,2023-03,2023,3,Mar,Pooja Desai,LED Desk Lamp with Wireless Charger,Furniture,North,7,55.0,0.0,385.0,77.78,20.2
ORD-2023-1233,2023-09-29,2023-09,2023,9,Sep,Manoj Kumar,Heavy-Duty Paper Shredder,Office Supplies,West,1,89.0,0.15,75.65,12.76,16.87
ORD-2024-1710,2023-03-08,2023-03,2023,3,Mar,Vikram Reddy,iPad Air,Technology,East,6,599.0,0.2,2875.2,168.56,5.86
ORD-2024-1608,2023-06-28,2023-06,2023,6,Jun,Pooja Desai,Ergonomic Office Chair,Furniture,East,8,289.0,0.15,1965.2,-2.71,-0.14
ORD-2023-1374,2024-03-26,2024-03,2024,3,Mar,Rahul Verma,Premium Notebook 3-Pack,Office Supplies,South,7,22.0,0.2,123.2,18.11,14.7
ORD-2023-1234,2023-10-24,2023-10,2023,10,Oct,Pooja Desai,Steel Filing Cabinet,Furniture,South,7,140.0,0.1,882.0,82.04,9.3
ORD-2024-1644,2023-06-07,2023-06,2023,6,Jun,John Smith,Executive Leather Chair,Furniture,East,2,350.0,0.0,700.0,124.7,17.81
ORD-2023-1318,2024-01-25,2024-01,2024,1,Jan,Daniel Clark,"4K Ultra HD Monitor 27""",Technology,South,2,349.0,0.0,698.0,180.48,25.86
ORD-2023-1411,2024-03-12,2024-03,2024,3,Mar,Rahul Verma,AirPods Pro,Technology,East,5,249.0,0.15,1058.25,73.86,6.98
ORD-2024-1732,2023-12-13,2023-12,2023,12,Dec,Priya Patel,Samsung Galaxy S23,Technology,North,8,799.0,0.0,6392.0,1735.59,27.15
ORD-2023-1359,2024-02-26,2024-02,2024,2,Feb,Amit Joshi,Premium Notebook 3-Pack,Office Supplies,South,3,22.0,0.05,62.7,21.94,34.99
ORD-2023-1259,2023-10-05,2023-10,2023,10,Oct,Deepak Chopra,Mechanical Keyboard RGB,Technology,South,2,129.0,0.2,206.4,5.35,2.59
ORD-2024-1628,2024-05-20,2024-05,2024,5,May,Sarah Davis,"4K Ultra HD Monitor 27""",Technology,West,6,349.0,0.15,1779.9,155.47,8.73
ORD-2024-1633,2024-06-17,2024-06,2024,6,Jun,James Anderson,Premium Notebook 3-Pack,Office Supplies,East,4,22.0,0.1,79.2,17.03,21.5
ORD-2023-1283,2023-08-17,2023-08,2023,8,Aug,Manoj Kumar,MacBook Air M2,Technology,East,8,999.0,0.2,6393.6,368.19,5.76
ORD-2023-1377,2023-10-19,2023-10,2023,10,Oct,Deepak Chopra,MacBook Air M2,Technology,East,4,999.0,0.2,3196.8,125.66,3.93
ORD-2023-1385,2024-03-20,2024-03,2024,3,Mar,Daniel Clark,Wireless Laser Pointer,Office Supplies,North,5,29.0,0.05,137.75,48.67,35.33
ORD-2023-1225,2023-07-25,2023-07,2023,7,Jul,Sneha Nair,Steel Filing Cabinet,Furniture,East,6,140.0,0.2,672.0,-21.66,-3.22
ORD-2024-1775,2023-05-14,2023-05,2023,5,May,Manoj Kumar,Premium Notebook 3-Pack,Office Supplies,South,2,22.0,0.05,41.8,14.06,33.64
ORD-2024-1668,2023-07-15,2023-07,2023,7,Jul,Daniel Clark,Premium Notebook 3-Pack,Office Supplies,North,5,22.0,0.05,104.5,25.46,24.36
ORD-2024-1473,2024-04-13,2024-04,2024,4,Apr,Deepak Chopra,AirPods Pro,Technology,North,8,249.0,0.1,1792.8,258.0,14.39
ORD-2023-1348,2024-06-07,2024-06,2024,6,Jun,Daniel Clark,Samsung Galaxy S23,Technology,West,7,799.0,0.05,5313.35,1068.63,20.11
ORD-2024-1506,2023-04-27,2023-04,2023,4,Apr,Kavita Rao,Logitech MX Master 3,Technology,North,6,99.0,0.1,534.6,67.48,12.62
ORD-2024-1640,2024-05-16,2024-05,2024,5,May,Ananya Singh,LED Desk Lamp with Wireless Charger,Furniture,East,6,55.0,0.15,280.5,15.83,5.64
ORD-2024-1756,2023-03-23,2023-03,2023,3,Mar,Swati Iyer,Conference Room Table,Furniture,East,8,620.0,0.2,3968.0,68.16,1.72
ORD-2024-1737,2023-05-12,2023-05,2023,5,May,John Smith,Wooden Bookshelf 5-Tier,Furniture,West,1,180.0,0.0,180.0,32.76,18.2
ORD-2024-1620,2023-01-11,2023-01,2023,1,Jan,Manoj Kumar,Samsung Galaxy S23,Technology,East,5,799.0,0.15,3395.75,348.33,10.26
ORD-2024-1697,2024-05-27,2024-05,2024,5,May,Manoj Kumar,Heavy-Duty Paper Shredder,Office Supplies,South,7,89.0,0.15,529.55,131.57,24.85
ORD-2024-1646,2023-04-12,2023-04,2023,4,Apr,Arjun Kapoor,Electric Standing Desk,Furniture,West,5,450.0,0.0,2250.0,429.06,19.07
ORD-2024-1690,2023-08-16,2023-08,2023,8,Aug,Rahul Verma,Stapler & Punch Kit,Office Supplies,South,2,18.0,0.05,34.2,8.59,25.12
ORD-2024-1557,2023-08-10,2023-08,2023,8,Aug,Amit Joshi,Heavy-Duty Paper Shredder,Office Supplies,South,7,89.0,0.15,529.55,128.44,24.25
ORD-2024-1578,2024-02-04,2024-02,2024,2,Feb,Ananya Singh,iPad Air,Technology,South,7,599.0,0.1,3773.7,486.1,12.88
ORD-2023-1086,2024-01-24,2024-01,2024,1,Jan,James Anderson,USB-C Multiport Hub,Technology,South,8,49.0,0.05,372.4,79.03,21.22
ORD-2023-1243,2023-02-22,2023-02,2023,2,Feb,Rahul Verma,Ergonomic Office Chair,Furniture,East,2,289.0,0.15,491.3,17.14,3.49
ORD-2023-1160,2023-12-04,2023-12,2023,12,Dec,Sarah Davis,Ergonomic Office Chair,Furniture,West,1,289.0,0.1,260.1,20.8,8.0
ORD-2024-1525,2023-11-27,2023-11,2023,11,Nov,Manoj Kumar,Premium Notebook 3-Pack,Office Supplies,East,8,22.0,0.2,140.8,23.58,16.75
ORD-2023-1036,2023-03-11,2023-03,2023,3,Mar,Sneha Nair,Electric Standing Desk,Furniture,North,4,450.0,0.2,1440.0,-49.61,-3.45
ORD-2024-1541,2024-02-08,2024-02,2024,2,Feb,Rohan Mehta,"4K Ultra HD Monitor 27""",Technology,South,6,349.0,0.05,1989.3,412.49,20.74
ORD-2023-1171,2023-01-08,2023-01,2023,1,Jan,Sarah Davis,AirPods Pro,Technology,South,7,249.0,0.2,1394.4,41.32,2.96
ORD-2024-1655,2023-09-18,2023-09,2023,9,Sep,David Wilson,Wooden Bookshelf 5-Tier,Furniture,West,1,180.0,0.0,180.0,25.45,14.14
ORD-2024-1699,2023-06-17,2023-06,2023,6,Jun,Neha Gupta,ThinkPad Carbon X1,Technology,North,8,1150.0,0.1,8280.0,1593.21,19.24
ORD-2024-1691,2024-03-25,2024-03,2024,3,Mar,James Anderson,Mesh Desktop Organizer,Office Supplies,East,8,25.0,0.05,190.0,59.74,31.44
ORD-2024-1768,2023-05-29,2023-05,2023,5,May,Sarah Davis,MacBook Air M2,Technology,East,8,999.0,0.15,6793.2,605.16,8.91
ORD-2023-1096,2023-03-08,2023-03,2023,3,Mar,Rohan Mehta,Heavy-Duty Paper Shredder,Office Supplies,North,3,89.0,0.05,253.65,67.46,26.6
ORD-2024-1564,2023-07-04,2023-07,2023,7,Jul,Michael Brown,Wireless Laser Pointer,Office Supplies,North,5,29.0,0.0,145.0,54.23,37.4
ORD-2023-1241,2023-02-21,2023-02,2023,2,Feb,Daniel Clark,Premium Notebook 3-Pack,Office Supplies,West,5,22.0,0.2,88.0,21.89,24.88
ORD-2024-1575,2023-09-17,2023-09,2023,9,Sep,Robert Martinez,Executive Leather Chair,Furniture,East,5,350.0,0.15,1487.5,16.8,1.13
ORD-2024-1461,2023-09-11,2023-09,2023,9,Sep,Deepak Chopra,Premium Notebook 3-Pack,Office Supplies,East,7,22.0,0.15,130.9,22.76,17.39
ORD-2024-1554,2023-05-30,2023-05,2023,5,May,James Anderson,Ergonomic Office Chair,Furniture,North,4,289.0,0.15,982.6,59.49,6.05
ORD-2024-1716,2023-09-18,2023-09,2023,9,Sep,Pooja Desai,"4K Ultra HD Monitor 27""",Technology,East,1,349.0,0.0,349.0,78.57,22.51
ORD-2023-1207,2024-02-01,2024-02,2024,2,Feb,Amit Joshi,Dry Erase Whiteboard 36x24,Office Supplies,North,6,65.0,0.0,390.0,139.86,35.86
ORD-2023-1393,2023-02-23,2023-02,2023,2,Feb,Emily Taylor,Dell XPS 15,Technology,West,2,1250.0,0.15,2125.0,151.79,7.14
ORD-2023-1398,2023-09-01,2023-09,2023,9,Sep,Priya Patel,Samsung Galaxy S23,Technology,East,2,799.0,0.0,1598.0,329.66,20.63
ORD-2024-1692,2023-02-12,2023-02,2023,2,Feb,Michael Brown,Dry Erase Whiteboard 36x24,Office Supplies,East,7,65.0,0.2,364.0,39.72,10.91
ORD-2023-1218,2023-06-13,2023-06,2023,6,Jun,Vikram Reddy,Wireless Laser Pointer,Office Supplies,West,1,29.0,0.05,27.55,9.92,36.01
ORD-2024-1731,2023-11-23,2023-11,2023,11,Nov,Deepak Chopra,"4K Ultra HD Monitor 27""",Technology,South,3,349.0,0.0,1047.0,267.08,25.51
ORD-2024-1613,2023-09-05,2023-09,2023,9,Sep,Kavita Rao,Mechanical Keyboard RGB,Technology,North,4,129.0,0.05,490.2,102.29,20.87
ORD-2024-1547,2023-08-15,2023-08,2023,8,Aug,Arjun Kapoor,Executive Leather Chair,Furniture,East,6,350.0,0.05,1995.0,242.83,12.17
ORD-2024-1684,2023-06-11,2023-06,2023,6,Jun,Robert Martinez,LED Desk Lamp with Wireless Charger,Furniture,North,3,55.0,0.1,148.5,8.72,5.87
ORD-2023-1099,2023-04-12,2023-04,2023,4,Apr,Rahul Verma,Premium Notebook 3-Pack,Office Supplies,South,5,22.0,0.0,110.0,41.93,38.12
ORD-2024-1574,2023-07-30,2023-07,2023,7,Jul,John Smith,Executive Leather Chair,Furniture,East,2,350.0,0.05,665.0,95.14,14.31
ORD-2023-1407,2023-09-13,2023-09,2023,9,Sep,Neha Gupta,Samsung Galaxy S23,Technology,North,1,799.0,0.0,799.0,170.64,21.36
ORD-2024-1503,2024-04-02,2024-04,2024,4,Apr,James Anderson,Dry Erase Whiteboard 36x24,Office Supplies,North,2,65.0,0.15,110.5,26.07,23.59
ORD-2023-1048,2024-02-21,2024-02,2024,2,Feb,Swati Iyer,Samsung Galaxy S23,Technology,South,3,799.0,0.05,2277.15,382.29,16.79
ORD-2023-1033,2024-04-10,2024-04,2024,4,Apr,Deepak Chopra,Dry Erase Whiteboard 36x24,Office Supplies,West,3,65.0,0.05,185.25,61.31,33.1
ORD-2023-1201,2024-04-28,2024-04,2024,4,Apr,Vikram Reddy,Stapler & Punch Kit,Office Supplies,West,8,18.0,0.2,115.2,28.71,24.92
ORD-2023-1135,2024-03-27,2024-03,2024,3,Mar,Emma Johnson,Dry Erase Whiteboard 36x24,Office Supplies,South,2,65.0,0.1,117.0,33.9,28.97
ORD-2023-1028,2023-02-25,2023-02,2023,2,Feb,Arjun Kapoor,iPad Air,Technology,North,7,599.0,0.1,3773.7,486.19,12.88
ORD-2024-1718,2023-12-13,2023-12,2023,12,Dec,James Anderson,Steel Filing Cabinet,Furniture,North,3,140.0,0.15,357.0,24.18,6.77
ORD-2023-1231,2023-10-09,2023-10,2023,10,Oct,Pooja Desai,Wireless Laser Pointer,Office Supplies,North,3,29.0,0.2,69.6,7.57,10.88
ORD-2024-1490,2023-03-18,2023-03,2023,3,Mar,Neha Gupta,Mechanical Keyboard RGB,Technology,South,8,129.0,0.1,928.8,163.95,17.65
ORD-2023-1379,2023-09-04,2023-09,2023,9,Sep,Daniel Clark,ThinkPad Carbon X1,Technology,North,6,1150.0,0.1,6210.0,1169.15,18.83
ORD-2023-1289,2023-05-27,2023-05,2023,5,May,Emily Taylor,Logitech MX Master 3,Technology,West,5,99.0,0.1,445.5,86.69,19.46
ORD-2023-1419,2023-11-22,2023-11,2023,11,Nov,Deepak Chopra,Ergonomic Office Chair,Furniture,North,6,289.0,0.2,1387.2,-43.5,-3.14
ORD-2024-1675,2023-01-20,2023-01,2023,1,Jan,Arjun Kapoor,Electric Standing Desk,Furniture,South,7,450.0,0.2,2520.0,-183.11,-7.27
ORD-2023-1392,2024-03-02,2024-03,2024,3,Mar,John Smith,Mechanical Keyboard RGB,Technology,North,6,129.0,0.0,774.0,185.63,23.98
ORD-2024-1593,2023-10-03,2023-10,2023,10,Oct,Swati Iyer,Gel Pen Set 12-Pack,Office Supplies,South,8,15.0,0.05,114.0,38.62,33.88
ORD-2024-1499,2023-04-08,2023-04,2023,4,Apr,Swati Iyer,Logitech MX Master 3,Technology,West,6,99.0,0.15,504.9,70.16,13.9
ORD-2023-1139,2023-01-15,2023-01,2023,1,Jan,Neha Gupta,Wooden Bookshelf 5-Tier,Furniture,East,5,180.0,0.2,720.0,-9.43,-1.31
ORD-2023-1063,2023-06-01,2023-06,2023,6,Jun,Aarav Sharma,Stapler & Punch Kit,Office Supplies,North,7,18.0,0.05,119.7,41.44,34.62
ORD-2024-1472,2024-01-26,2024-01,2024,1,Jan,Sarah Davis,Dell XPS 15,Technology,South,3,1250.0,0.05,3562.5,759.7,21.32
ORD-2024-1648,2023-03-04,2023-03,2023,3,Mar,Swati Iyer,Executive Leather Chair,Furniture,East,1,350.0,0.2,280.0,-0.44,-0.16
ORD-2023-1129,2024-04-15,2024-04,2024,4,Apr,Aarav Sharma,Wooden Bookshelf 5-Tier,Furniture,East,3,180.0,0.0,540.0,99.72,18.47
ORD-2024-1794,2023-07-03,2023-07,2023,7,Jul,Neha Gupta,iPad Air,Technology,West,4,599.0,0.0,2396.0,516.68,21.56
ORD-2024-1521,2023-02-25,2023-02,2023,2,Feb,Amit Joshi,Sony WH-1000XM5,Technology,West,4,399.0,0.1,1436.4,190.87,13.29
ORD-2023-1065,2024-06-27,2024-06,2024,6,Jun,Daniel Clark,USB-C Multiport Hub,Technology,West,7,49.0,0.2,274.4,15.2,5.54
ORD-2023-1015,2024-03-08,2024-03,2024,3,Mar,Michael Brown,Electric Standing Desk,Furniture,West,5,450.0,0.2,1800.0,-109.94,-6.11
ORD-2023-1157,2024-02-28,2024-02,2024,2,Feb,David Wilson,Electric Standing Desk,Furniture,West,2,450.0,0.1,810.0,77.27,9.54
ORD-2023-1041,2023-11-06,2023-11,2023,11,Nov,Arjun Kapoor,Conference Room Table,Furniture,North,5,620.0,0.0,3100.0,449.15,14.49
ORD-2024-1493,2024-03-24,2024-03,2024,3,Mar,Amit Joshi,Dry Erase Whiteboard 36x24,Office Supplies,North,6,65.0,0.1,351.0,108.44,30.89
ORD-2023-1380,2024-03-06,2024-03,2024,3,Mar,Kavita Rao,AirPods Pro,Technology,West,2,249.0,0.0,498.0,116.04,23.3
ORD-2023-1188,2023-05-25,2023-05,2023,5,May,Pooja Desai,Premium Notebook 3-Pack,Office Supplies,West,3,22.0,0.2,52.8,7.59,14.38
ORD-2023-1217,2024-03-21,2024-03,2024,3,Mar,Priya Patel,ThinkPad Carbon X1,Technology,West,6,1150.0,0.2,5520.0,109.8,1.99
ORD-2023-1053,2023-09-25,2023-09,2023,9,Sep,Amit Joshi,Dell XPS 15,Technology,North,7,1250.0,0.1,7875.0,1065.02,13.52
ORD-2023-1338,2023-03-29,2023-03,2023,3,Mar,Swati Iyer,Samsung Galaxy S23,Technology,East,5,799.0,0.1,3595.5,573.58,15.95
ORD-2024-1720,2023-11-03,2023-11,2023,11,Nov,Kavita Rao,USB-C Multiport Hub,Technology,North,4,49.0,0.2,156.8,4.93,3.14
ORD-2024-1725,2024-05-09,2024-05,2024,5,May,Vikram Reddy,Sony WH-1000XM5,Technology,East,8,399.0,0.2,2553.6,176.11,6.9
ORD-2023-1296,2023-12-07,2023-12,2023,12,Dec,Aarav Sharma,Sony WH-1000XM5,Technology,South,2,399.0,0.15,678.3,45.36,6.69
ORD-2024-1702,2023-02-22,2023-02,2023,2,Feb,Pooja Desai,Dry Erase Whiteboard 36x24,Office Supplies,West,5,65.0,0.0,325.0,109.17,33.59
ORD-2023-1252,2023-06-05,2023-06,2023,6,Jun,Rahul Verma,Executive Leather Chair,Furniture,West,1,350.0,0.05,332.5,44.98,13.53
ORD-2024-1727,2024-06-18,2024-06,2024,6,Jun,Pooja Desai,Dell XPS 15,Technology,North,6,1250.0,0.15,6375.0,441.49,6.93
ORD-2024-1462,2024-04-15,2024-04,2024,4,Apr,David Wilson,"4K Ultra HD Monitor 27""",Technology,West,2,349.0,0.0,698.0,166.88,23.91
ORD-2024-1456,2023-10-08,2023-10,2023,10,Oct,David Wilson,Conference Room Table,Furniture,West,2,620.0,0.0,1240.0,248.8,20.06
ORD-2023-1270,2023-01-07,2023-01,2023,1,Jan,Sneha Nair,Wooden Bookshelf 5-Tier,Furniture,East,6,180.0,0.1,972.0,79.28,8.16
ORD-2023-1202,2023-03-23,2023-03,2023,3,Mar,Rahul Verma,Samsung Galaxy S23,Technology,West,2,799.0,0.1,1438.2,257.26,17.89
ORD-2023-1162,2023-12-25,2023-12,2023,12,Dec,Emma Johnson,iPad Air,Technology,East,4,599.0,0.15,2036.6,149.48,7.34
ORD-2024-1556,2024-04-10,2024-04,2024,4,Apr,Priya Patel,Premium Notebook 3-Pack,Office Supplies,East,2,22.0,0.2,35.2,5.45,15.48
ORD-2024-1730,2023-10-07,2023-10,2023,10,Oct,Amit Joshi,iPad Air,Technology,North,2,599.0,0.05,1138.1,223.54,19.64
ORD-2023-1402,2023-03-18,2023-03,2023,3,Mar,Vikram Reddy,Stapler & Punch Kit,Office Supplies,North,3,18.0,0.0,54.0,20.53,38.02
ORD-2024-1703,2023-05-15,2023-05,2023,5,May,Aarav Sharma,Wireless Laser Pointer,Office Supplies,East,1,29.0,0.15,24.65,5.52,22.39
ORD-2024-1477,2024-01-18,2024-01,2024,1,Jan,John Smith,Stapler & Punch Kit,Office Supplies,South,1,18.0,0.0,18.0,5.85,32.5
ORD-2023-1106,2023-01-22,2023-01,2023,1,Jan,Kavita Rao,Mechanical Keyboard RGB,Technology,North,3,129.0,0.15,328.95,34.24,10.41
ORD-2024-1566,2023-07-06,2023-07,2023,7,Jul,Emily Taylor,Mechanical Keyboard RGB,Technology,South,6,129.0,0.15,657.9,63.68,9.68
ORD-2023-1390,2023-04-29,2023-04,2023,4,Apr,Emily Taylor,MacBook Air M2,Technology,North,1,999.0,0.05,949.05,226.1,23.82
ORD-2023-1002,2023-03-31,2023-03,2023,3,Mar,Priya Patel,MacBook Air M2,Technology,North,4,999.0,0.05,3796.2,757.53,19.95
ORD-2024-1763,2024-04-02,2024-04,2024,4,Apr,Ananya Singh,Mechanical Keyboard RGB,Technology,South,8,129.0,0.05,980.4,171.36,17.48
ORD-2024-1562,2023-06-15,2023-06,2023,6,Jun,Sarah Davis,MacBook Air M2,Technology,South,1,999.0,0.05,949.05,183.94,19.38
ORD-2023-1081,2023-11-05,2023-11,2023,11,Nov,Daniel Clark,iPad Air,Technology,North,6,599.0,0.2,2875.2,164.35,5.72
ORD-2023-1206,2024-03-06,2024-03,2024,3,Mar,Emily Taylor,LED Desk Lamp with Wireless Charger,Furniture,North,7,55.0,0.15,327.25,25.61,7.83
ORD-2023-1035,2024-05-29,2024-05,2024,5,May,Emily Taylor,AirPods Pro,Technology,North,2,249.0,0.05,473.1,111.81,23.63
ORD-2024-1509,2023-07-15,2023-07,2023,7,Jul,Neha Gupta,Stapler & Punch Kit,Office Supplies,West,1,18.0,0.2,14.4,3.33,23.12
ORD-2023-1428,2023-11-24,2023-11,2023,11,Nov,Rohan Mehta,Mesh Desktop Organizer,Office Supplies,East,8,25.0,0.0,200.0,73.63,36.82
ORD-2024-1455,2023-07-25,2023-07,2023,7,Jul,Sneha Nair,Dell XPS 15,Technology,West,1,1250.0,0.1,1125.0,154.54,13.74
ORD-2023-1367,2023-05-16,2023-05,2023,5,May,Pooja Desai,AirPods Pro,Technology,East,2,249.0,0.1,448.2,79.66,17.77
ORD-2023-1092,2023-07-09,2023-07,2023,7,Jul,Swati Iyer,Steel Filing Cabinet,Furniture,East,5,140.0,0.0,700.0,107.37,15.34
ORD-2023-1340,2023-11-04,2023-11,2023,11,Nov,Deepak Chopra,iPad Air,Technology,North,6,599.0,0.0,3594.0,811.63,22.58
ORD-2024-1565,2024-04-27,2024-04,2024,4,Apr,Ananya Singh,Logitech MX Master 3,Technology,West,3,99.0,0.2,237.6,4.27,1.8
ORD-2023-1346,2023-04-27,2023-04,2023,4,Apr,David Wilson,Wireless Laser Pointer,Office Supplies,South,5,29.0,0.2,116.0,18.73,16.15
ORD-2023-1242,2023-04-21,2023-04,2023,4,Apr,Guest Customer,Dry Erase Whiteboard 36x24,Office Supplies,East,7,65.0,0.1,409.5,134.03,32.73
ORD-2023-1014,2023-05-22,2023-05,2023,5,May,Rohan Mehta,Stapler & Punch Kit,Office Supplies,North,2,18.0,0.05,34.2,9.89,28.92
ORD-2023-1316,2023-12-15,2023-12,2023,12,Dec,Daniel Clark,Wireless Laser Pointer,Office Supplies,West,6,29.0,0.0,174.0,56.36,32.39
ORD-2024-1601,2023-12-18,2023-12,2023,12,Dec,James Anderson,Executive Leather Chair,Furniture,South,7,350.0,0.1,2205.0,222.44,10.09
ORD-2023-1388,2023-03-07,2023-03,2023,3,Mar,Olivia White,Premium Notebook 3-Pack,Office Supplies,North,8,22.0,0.15,149.6,33.21,22.2
ORD-2023-1274,2024-04-27,2024-04,2024,4,Apr,Kavita Rao,Sony WH-1000XM5,Technology,South,2,399.0,0.2,638.4,35.32,5.53
ORD-2023-1167,2023-02-20,2023-02,2023,2,Feb,Amit Joshi,Wooden Bookshelf 5-Tier,Furniture,West,8,180.0,0.2,1152.0,-22.12,-1.92
ORD-2024-1647,2023-03-14,2023-03,2023,3,Mar,Rahul Verma,Premium Notebook 3-Pack,Office Supplies,West,2,22.0,0.15,37.4,6.77,18.1
ORD-2024-1485,2023-01-10,2023-01,2023,1,Jan,Kavita Rao,iPad Air,Technology,East,3,599.0,0.15,1527.45,114.2,7.48
ORD-2024-1798,2023-02-11,2023-02,2023,2,Feb,Arjun Kapoor,Wireless Laser Pointer,Office Supplies,West,3,29.0,0.0,87.0,25.62,29.45
ORD-2024-1505,2024-08-01,2024-08,2024,8,Aug,Sneha Nair,Wooden Bookshelf 5-Tier,Furniture,East,8,180.0,0.1,1296.0,90.33,6.97
ORD-2023-1244,2023-10-14,2023-10,2023,10,Oct,Daniel Clark,Gel Pen Set 12-Pack,Office Supplies,North,3,15.0,0.0,45.0,15.87,35.27
ORD-2024-1567,2023-03-12,2023-03,2023,3,Mar,Michael Brown,Samsung Galaxy S23,Technology,North,1,799.0,0.05,759.05,150.36,19.81
ORD-2024-1563,2023-06-14,2023-06,2023,6,Jun,Emily Taylor,Dell XPS 15,Technology,South,1,1250.0,0.05,1187.5,261.67,22.04
ORD-2024-1687,2023-10-01,2023-10,2023,10,Oct,Daniel Clark,Logitech MX Master 3,Technology,South,4,99.0,0.0,396.0,99.5,25.13
ORD-2023-1190,2024-03-09,2024-03,2024,3,Mar,Aarav Sharma,Ergonomic Office Chair,Furniture,East,3,289.0,0.05,823.65,123.69,15.02
ORD-2024-1700,2024-01-29,2024-01,2024,1,Jan,Emily Taylor,Wireless Laser Pointer,Office Supplies,South,7,29.0,0.2,162.4,31.33,19.29
ORD-2024-1476,2024-03-15,2024-03,2024,3,Mar,James Anderson,Electric Standing Desk,Furniture,East,1,450.0,0.2,360.0,1.82,0.51
ORD-2024-1682,2024-03-12,2024-03,2024,3,Mar,Daniel Clark,USB-C Multiport Hub,Technology,West,3,49.0,0.05,139.65,26.14,18.72
ORD-2024-1511,2023-02-19,2023-02,2023,2,Feb,Sarah Davis,Heavy-Duty Paper Shredder,Office Supplies,West,3,89.0,0.2,213.6,47.84,22.4
ORD-2023-1059,2023-11-26,2023-11,2023,11,Nov,David Wilson,Gel Pen Set 12-Pack,Office Supplies,South,8,15.0,0.05,114.0,32.51,28.52
ORD-2024-1475,2023-06-22,2023-06,2023,6,Jun,Ananya Singh,Steel Filing Cabinet,Furniture,North,3,140.0,0.2,336.0,-6.17,-1.84
ORD-2024-1561,2023-05-02,2023-05,2023,5,May,Sarah Davis,USB-C Multiport Hub,Technology,North,8,49.0,0.15,333.2,35.94,10.79
ORD-2024-1748,2023-02-24,2023-02,2023,2,Feb,Robert Martinez,Ergonomic Office Chair,Furniture,North,5,289.0,0.0,1445.0,290.71,20.12
ORD-2023-1253,2023-11-29,2023-11,2023,11,Nov,James Anderson,Conference Room Table,Furniture,West,6,620.0,0.05,3534.0,495.6,14.02
ORD-2023-1022,2024-03-09,2024-03,2024,3,Mar,Robert Martinez,Stapler & Punch Kit,Office Supplies,South,5,18.0,0.15,76.5,11.75,15.36
ORD-2023-1314,2023-09-04,2023-09,2023,9,Sep,Michael Brown,Gel Pen Set 12-Pack,Office Supplies,East,7,15.0,0.05,99.75,26.79,26.86
ORD-2024-1460,2023-01-10,2023-01,2023,1,Jan,Vikram Reddy,Premium Notebook 3-Pack,Office Supplies,South,1,22.0,0.05,20.9,7.03,33.64
ORD-2023-1161,2023-12-27,2023-12,2023,12,Dec,Emily Taylor,Sony WH-1000XM5,Technology,South,8,399.0,0.05,3032.4,517.8,17.08
ORD-2023-1277,2024-06-06,2024-06,2024,6,Jun,Priya Patel,Wooden Bookshelf 5-Tier,Furniture,South,7,180.0,0.15,1071.0,31.36,2.93
ORD-2023-1192,2024-06-23,2024-06,2024,6,Jun,John Smith,Stapler & Punch Kit,Office Supplies,South,7,18.0,0.05,119.7,41.65,34.8
ORD-2023-1386,2023-05-21,2023-05,2023,5,May,Ananya Singh,Steel Filing Cabinet,Furniture,East,5,140.0,0.05,665.0,98.18,14.76
ORD-2023-1414,2024-06-22,2024-06,2024,6,Jun,Robert Martinez,MacBook Air M2,Technology,West,6,999.0,0.15,5094.9,518.11,10.17
ORD-2024-1492,2023-04-29,2023-04,2023,4,Apr,Manoj Kumar,Dell XPS 15,Technology,North,3,1250.0,0.05,3562.5,763.9,21.44
ORD-2023-1344,2023-03-06,2023-03,2023,3,Mar,Robert Martinez,AirPods Pro,Technology,East,6,249.0,0.05,1419.3,288.93,20.36
ORD-2024-1770,2023-10-07,2023-10,2023,10,Oct,Amit Joshi,iPad Air,Technology,East,7,599.0,0.15,3564.05,285.74,8.02
ORD-2024-1662,2024-01-27,2024-01,2024,1,Jan,Emily Taylor,Dell XPS 15,Technology,East,3,1250.0,0.1,3375.0,524.28,15.53
ORD-2023-1131,2023-07-23,2023-07,2023,7,Jul,James Anderson,iPad Air,Technology,South,7,599.0,0.2,3354.4,215.03,6.41
ORD-2024-1664,2023-04-03,2023-04,2023,4,Apr,Pooja Desai,Electric Standing Desk,Furniture,South,3,450.0,0.1,1215.0,153.09,12.6
ORD-2023-1100,2023-06-27,2023-06,2023,6,Jun,Ananya Singh,MacBook Air M2,Technology,West,8,999.0,0.2,6393.6,338.92,5.3
ORD-2023-1373,2023-05-17,2023-05,2023,5,May,Kavita Rao,Samsung Galaxy S23,Technology,North,1,799.0,0.2,639.2,22.37,3.5
ORD-2023-1088,2023-03-29,2023-03,2023,3,Mar,Sarah Davis,Steel Filing Cabinet,Furniture,South,8,140.0,0.15,952.0,38.24,4.02
ORD-2024-1459,2023-08-08,2023-08,2023,8,Aug,Arjun Kapoor,Logitech MX Master 3,Technology,South,5,99.0,0.15,420.75,44.02,10.46
ORD-2023-1331,2023-12-03,2023-12,2023,12,Dec,Sarah Davis,Gel Pen Set 12-Pack,Office Supplies,West,3,15.0,0.1,40.5,12.19,30.1
ORD-2023-1215,2023-07-04,2023-07,2023,7,Jul,John Smith,iPad Air,Technology,North,6,599.0,0.1,3234.6,558.8,17.28
ORD-2024-1467,2023-07-14,2023-07,2023,7,Jul,Deepak Chopra,Logitech MX Master 3,Technology,West,6,99.0,0.2,475.2,33.25,7.0
ORD-2023-1122,2024-04-12,2024-04,2024,4,Apr,Vikram Reddy,Executive Leather Chair,Furniture,South,2,350.0,0.15,595.0,5.23,0.88
ORD-2024-1615,2023-03-27,2023-03,2023,3,Mar,Daniel Clark,Samsung Galaxy S23,Technology,North,7,799.0,0.1,5033.7,904.12,17.96
ORD-2023-1021,2024-06-29,2024-06,2024,6,Jun,Vikram Reddy,Gel Pen Set 12-Pack,Office Supplies,West,3,15.0,0.1,40.5,10.65,26.3
ORD-2024-1701,2023-06-24,2023-06,2023,6,Jun,Olivia White,Gel Pen Set 12-Pack,Office Supplies,South,3,15.0,0.05,42.75,14.78,34.57
ORD-2023-1072,2024-05-12,2024-05,2024,5,May,John Smith,Gel Pen Set 12-Pack,Office Supplies,West,3,15.0,0.15,38.25,6.28,16.42
ORD-2023-1107,2024-03-28,2024-03,2024,3,Mar,Ananya Singh,Heavy-Duty Paper Shredder,Office Supplies,West,8,89.0,0.0,712.0,244.64,34.36
ORD-2023-1271,2023-01-12,2023-01,2023,1,Jan,Emma Johnson,Mesh Desktop Organizer,Office Supplies,South,1,25.0,0.0,25.0,8.6,34.4
ORD-2023-1436,2023-02-20,2023-02,2023,2,Feb,Robert Martinez,Steel Filing Cabinet,Furniture,South,1,140.0,0.1,126.0,16.76,13.3
ORD-2023-1103,2023-06-19,2023-06,2023,6,Jun,Daniel Clark,Dry Erase Whiteboard 36x24,Office Supplies,East,8,65.0,0.0,520.0,178.75,34.38
